time,wind_speed_100m,wind_speed_10m,temperature_2m,wind_direction_100m,surface_pressure
2025-02-01 00:00:00,1.23,1.01,-8.1,212,966.7
2025-02-01 01:00:00,0.79,0.85,-8.8,198,966.7
2025-02-01 02:00:00,0.43,0.8,-9.4,201,966.5
2025-02-01 03:00:00,0.2,0.6,-8.5,180,967.1
2025-02-01 04:00:00,0.47,0.7,-7.3,148,967.8
2025-02-01 05:00:00,1.06,0.49,-2.0,139,969.5
2025-02-01 06:00:00,1.54,1.12,-0.9,119,969.3
2025-02-01 07:00:00,2.25,1.71,-0.6,107,968.9
2025-02-01 08:00:00,2.67,2.09,0.1,103,968.5
2025-02-01 09:00:00,3.25,2.32,0.1,100,968.1
2025-02-01 10:00:00,4.54,2.46,-4.3,117,967.9
2025-02-01 11:00:00,5.01,2.39,-5.5,107,967.6
2025-02-01 12:00:00,5.87,2.6,-6.1,94,967.4
2025-02-01 13:00:00,6.61,2.84,-6.7,93,967.4
2025-02-01 14:00:00,6.92,3.08,-9.3,94,966.9
2025-02-01 15:00:00,7.07,3.22,-9.1,94,966.9
2025-02-01 16:00:00,7.08,3.36,-8.7,95,967.0
2025-02-01 17:00:00,6.87,3.21,-8.5,95,966.5
2025-02-01 18:00:00,6.54,3.04,-8.3,97,966.6
2025-02-01 19:00:00,6.08,2.76,-8.6,99,966.1
2025-02-01 20:00:00,5.61,2.38,-9.1,101,965.6
2025-02-01 21:00:00,5.17,2.12,-9.8,99,965.3
2025-02-01 22:00:00,5.12,2.07,-10.7,107,965.7
2025-02-01 23:00:00,5.07,2.04,-11.3,96,965.0
2025-02-02 00:00:00,5.2,2.0,-12.0,91,964.8
2025-02-02 01:00:00,4.87,1.82,-12.3,99,964.8
2025-02-02 02:00:00,4.46,1.77,-12.5,110,964.8
2025-02-02 03:00:00,4.12,1.71,-12.0,114,965.1
2025-02-02 04:00:00,3.76,1.71,-10.3,109,965.5
2025-02-02 05:00:00,3.61,1.91,-4.3,104,966.9
2025-02-02 06:00:00,3.46,2.06,-4.0,110,967.2
2025-02-02 07:00:00,3.21,2.03,-4.4,121,966.7
2025-02-02 08:00:00,2.98,1.9,-2.5,130,966.5
2025-02-02 09:00:00,2.73,1.61,-2.6,139,966.0
2025-02-02 10:00:00,2.59,1.43,-6.6,131,965.3
2025-02-02 11:00:00,2.48,1.49,-7.6,99,965.1
2025-02-02 12:00:00,3.0,1.5,-8.4,93,965.2
2025-02-02 13:00:00,3.13,1.5,-8.5,103,965.2
2025-02-02 14:00:00,3.13,1.49,-11.7,110,964.3
2025-02-02 15:00:00,3.11,1.41,-12.6,109,964.1
2025-02-02 16:00:00,3.04,1.25,-12.7,104,963.9
2025-02-02 17:00:00,3.17,1.21,-13.0,102,963.7
2025-02-02 18:00:00,3.24,1.19,-12.6,103,963.8
2025-02-02 19:00:00,3.48,1.28,-12.3,102,963.7
2025-02-02 20:00:00,3.76,1.42,-13.0,100,963.0
2025-02-02 21:00:00,4.09,1.6,-13.0,102,962.8
2025-02-02 22:00:00,4.45,1.93,-14.2,102,962.5
2025-02-02 23:00:00,4.85,2.02,-13.6,91,962.5
2025-02-03 00:00:00,5.55,2.18,-13.2,89,962.8
2025-02-03 01:00:00,5.59,2.2,-13.0,97,962.9
2025-02-03 02:00:00,5.41,2.26,-12.0,104,963.1
2025-02-03 03:00:00,5.3,2.34,-11.3,104,963.5
2025-02-03 04:00:00,5.1,2.38,-9.1,101,963.8
2025-02-03 05:00:00,5.1,2.69,-5.0,101,964.5
2025-02-03 06:00:00,5.21,3.07,-3.7,102,964.6
2025-02-03 07:00:00,5.42,3.15,-3.3,102,963.6
2025-02-03 08:00:00,5.61,3.18,-2.0,101,963.3
2025-02-03 09:00:00,5.58,3.03,-2.6,102,962.3
2025-02-03 10:00:00,5.6,2.95,-4.0,107,961.7
2025-02-03 11:00:00,5.54,2.65,-5.4,103,961.1
2025-02-03 12:00:00,5.84,2.53,-6.4,97,960.6
2025-02-03 13:00:00,6.05,2.46,-6.4,97,960.6
2025-02-03 14:00:00,6.15,2.48,-8.7,97,959.5
2025-02-03 15:00:00,6.22,2.51,-8.2,98,959.1
2025-02-03 16:00:00,6.37,2.66,-8.1,99,958.5
2025-02-03 17:00:00,6.85,2.95,-9.2,97,957.4
2025-02-03 18:00:00,7.5,3.29,-9.0,97,957.1
2025-02-03 19:00:00,7.83,3.47,-8.8,98,956.6
2025-02-03 20:00:00,7.81,3.47,-9.0,100,956.0
2025-02-03 21:00:00,7.62,3.36,-9.1,100,955.6
2025-02-03 22:00:00,6.78,3.12,-8.6,105,956.1
2025-02-03 23:00:00,6.99,3.24,-9.0,96,955.2
2025-02-04 00:00:00,7.3,3.22,-9.5,99,955.2
2025-02-04 01:00:00,7.0,3.0,-9.7,100,955.0
2025-02-04 02:00:00,6.89,2.86,-8.8,103,955.1
2025-02-04 03:00:00,6.63,2.77,-7.8,105,955.1
2025-02-04 04:00:00,6.25,2.73,-7.4,106,955.5
2025-02-04 05:00:00,5.65,2.8,-2.1,107,956.5
2025-02-04 06:00:00,4.91,2.76,-1.9,112,956.4
2025-02-04 07:00:00,3.93,2.28,-1.9,112,956.0
2025-02-04 08:00:00,2.9,1.64,-0.6,105,956.0
2025-02-04 09:00:00,1.9,1.25,-1.0,125,955.6
2025-02-04 10:00:00,1.61,1.36,-2.9,187,956.0
2025-02-04 11:00:00,1.55,2.08,-4.4,237,955.6
2025-02-04 12:00:00,2.28,2.56,-6.3,247,956.1
2025-02-04 13:00:00,2.83,2.32,-6.0,249,956.5
2025-02-04 14:00:00,2.55,2.04,-8.9,250,956.3
2025-02-04 15:00:00,1.97,1.55,-9.7,243,956.3
2025-02-04 16:00:00,0.89,1.05,-10.6,218,956.0
2025-02-04 17:00:00,0.78,0.71,-12.1,130,955.7
2025-02-04 18:00:00,1.49,0.84,-12.1,110,955.9
2025-02-04 19:00:00,2.26,1.03,-12.2,108,955.8
2025-02-04 20:00:00,2.89,1.19,-13.0,104,955.0
2025-02-04 21:00:00,3.46,1.39,-12.9,101,955.1
2025-02-04 22:00:00,4.16,1.75,-13.2,106,955.3
2025-02-04 23:00:00,4.8,1.91,-13.3,92,955.1
2025-02-05 00:00:00,5.56,2.12,-12.5,93,955.6
2025-02-05 01:00:00,5.34,2.02,-12.6,103,956.0
2025-02-05 02:00:00,4.6,1.77,-11.8,107,956.4
2025-02-05 03:00:00,4.12,1.66,-10.1,100,957.1
2025-02-05 04:00:00,4.02,1.77,-8.1,96,957.6
2025-02-05 05:00:00,3.59,1.87,-3.3,98,958.6
2025-02-05 06:00:00,3.39,1.91,-2.6,106,958.5
2025-02-05 07:00:00,3.24,1.92,-2.2,110,958.1
2025-02-05 08:00:00,2.9,1.72,-0.6,111,957.7
2025-02-05 09:00:00,2.35,1.3,-0.1,102,957.6
2025-02-05 10:00:00,2.89,1.7,-3.2,118,957.0
2025-02-05 11:00:00,2.66,1.98,-3.0,110,957.4
2025-02-05 12:00:00,2.25,1.52,-4.4,94,957.1
2025-02-05 13:00:00,1.8,1.01,-5.4,88,957.3
2025-02-05 14:00:00,1.3,0.86,-9.3,92,956.8
2025-02-05 15:00:00,0.85,1.1,-10.5,118,956.8
2025-02-05 16:00:00,0.71,1.3,-10.6,141,956.9
2025-02-05 17:00:00,0.76,1.2,-10.6,148,957.3
2025-02-05 18:00:00,0.96,0.81,-10.9,129,957.3
2025-02-05 19:00:00,1.5,0.89,-11.4,116,957.3
2025-02-05 20:00:00,2.1,1.06,-12.1,108,956.7
2025-02-05 21:00:00,2.55,1.22,-11.7,106,956.8
2025-02-05 22:00:00,3.69,1.91,-12.4,111,957.6
2025-02-05 23:00:00,4.32,2.11,-12.6,106,957.4
2025-02-06 00:00:00,5.52,2.34,-11.8,95,957.6
2025-02-06 01:00:00,6.12,2.49,-11.9,95,958.1
2025-02-06 02:00:00,6.25,2.6,-10.6,97,958.4
2025-02-06 03:00:00,5.99,2.58,-8.3,100,959.1
2025-02-06 04:00:00,5.67,2.68,-6.9,102,959.6
2025-02-06 05:00:00,5.24,2.78,-1.7,105,960.2
2025-02-06 06:00:00,4.95,2.8,-0.1,106,960.2
2025-02-06 07:00:00,4.67,2.8,0.4,103,959.9
2025-02-06 08:00:00,4.43,2.64,2.0,104,959.5
2025-02-06 09:00:00,4.13,2.33,1.9,109,959.0
2025-02-06 10:00:00,4.51,2.39,-1.3,103,958.2
2025-02-06 11:00:00,4.87,2.32,-2.4,100,958.2
2025-02-06 12:00:00,4.58,2.36,-4.0,104,957.7
2025-02-06 13:00:00,4.23,1.98,-4.5,104,957.7
2025-02-06 14:00:00,3.84,1.59,-7.2,98,957.4
2025-02-06 15:00:00,3.66,1.49,-7.0,100,957.2
2025-02-06 16:00:00,3.53,1.39,-7.5,97,956.9
2025-02-06 17:00:00,3.63,1.39,-8.2,98,956.4
2025-02-06 18:00:00,3.89,1.43,-7.9,98,956.2
2025-02-06 19:00:00,4.09,1.5,-8.2,98,955.9
2025-02-06 20:00:00,4.28,1.57,-8.5,97,955.4
2025-02-06 21:00:00,4.47,1.68,-8.9,100,955.2
2025-02-06 22:00:00,4.74,1.88,-9.2,97,955.6
2025-02-06 23:00:00,5.59,2.33,-9.2,97,955.4
2025-02-07 00:00:00,5.7,2.37,-9.2,103,955.5
2025-02-07 01:00:00,5.23,2.12,-9.1,103,955.8
2025-02-07 02:00:00,4.97,1.92,-8.4,95,956.3
2025-02-07 03:00:00,4.66,1.77,-6.9,93,956.8
2025-02-07 04:00:00,4.52,1.88,-5.4,95,957.4
2025-02-07 05:00:00,4.27,2.21,-0.2,100,958.1
2025-02-07 06:00:00,4.34,2.42,1.0,102,958.1
2025-02-07 07:00:00,4.26,2.4,1.6,99,957.0
2025-02-07 08:00:00,4.39,2.46,3.3,98,956.7
2025-02-07 09:00:00,4.64,2.55,3.4,97,956.1
2025-02-07 10:00:00,5.12,2.72,0.4,100,955.3
2025-02-07 11:00:00,4.9,2.26,-0.4,98,954.8
2025-02-07 12:00:00,5.0,2.44,-1.2,92,954.8
2025-02-07 13:00:00,4.86,2.15,-1.1,94,955.0
2025-02-07 14:00:00,4.15,1.95,-5.1,99,953.9
2025-02-07 15:00:00,3.37,1.82,-5.7,97,953.8
2025-02-07 16:00:00,3.25,1.68,-6.0,91,953.5
2025-02-07 17:00:00,3.26,1.3,-7.5,94,953.0
2025-02-07 18:00:00,3.13,1.16,-7.5,97,952.7
2025-02-07 19:00:00,3.14,1.21,-7.7,99,952.6
2025-02-07 20:00:00,3.33,1.27,-8.9,98,951.9
2025-02-07 21:00:00,3.51,1.37,-9.3,101,951.6
2025-02-07 22:00:00,3.47,1.48,-9.7,102,952.0
2025-02-07 23:00:00,3.85,1.59,-9.8,99,952.0
2025-02-08 00:00:00,4.37,1.69,-10.1,95,952.5
2025-02-08 01:00:00,4.14,1.55,-9.9,98,953.2
2025-02-08 02:00:00,3.46,1.36,-9.2,101,953.5
2025-02-08 03:00:00,3.29,1.36,-7.9,99,954.4
2025-02-08 04:00:00,3.39,1.52,-5.1,98,955.2
2025-02-08 05:00:00,3.32,1.71,0.0,102,956.2
2025-02-08 06:00:00,3.46,1.88,1.6,104,956.3
2025-02-08 07:00:00,3.43,1.84,2.0,109,956.1
2025-02-08 08:00:00,3.7,2.08,3.4,106,955.8
2025-02-08 09:00:00,3.78,2.04,3.4,110,955.2
2025-02-08 10:00:00,3.69,2.01,1.8,106,954.9
2025-02-08 11:00:00,3.31,2.55,1.2,95,954.8
2025-02-08 12:00:00,3.56,2.57,-1.3,86,954.7
2025-02-08 13:00:00,3.3,2.06,-0.9,88,955.2
2025-02-08 14:00:00,2.56,1.68,-4.0,102,954.7
2025-02-08 15:00:00,1.85,1.41,-4.3,109,954.6
2025-02-08 16:00:00,1.92,1.33,-4.2,99,954.7
2025-02-08 17:00:00,2.49,1.1,-5.3,100,953.8
2025-02-08 18:00:00,2.64,0.92,-6.1,100,953.5
2025-02-08 19:00:00,2.89,1.03,-6.6,99,953.2
2025-02-08 20:00:00,3.35,1.23,-7.4,100,952.7
2025-02-08 21:00:00,3.69,1.36,-7.6,103,952.3
2025-02-08 22:00:00,3.7,1.55,-8.0,113,953.0
2025-02-08 23:00:00,3.2,1.17,-7.6,100,953.1
2025-02-09 00:00:00,3.57,1.13,-7.7,84,953.2
2025-02-09 01:00:00,2.91,1.08,-8.0,95,953.7
2025-02-09 02:00:00,1.99,1.15,-7.8,129,954.2
2025-02-09 03:00:00,1.39,1.15,-7.3,154,954.4
2025-02-09 04:00:00,0.99,1.07,-3.7,139,955.6
2025-02-09 05:00:00,1.06,1.23,2.7,139,956.8
2025-02-09 06:00:00,0.94,0.86,3.4,148,957.0
2025-02-09 07:00:00,0.85,0.7,3.3,180,956.2
2025-02-09 08:00:00,1.27,0.85,4.7,228,955.9
2025-02-09 09:00:00,2.85,1.83,4.9,248,955.4
2025-02-09 10:00:00,4.54,2.57,3.0,253,956.0
2025-02-09 11:00:00,6.29,3.31,2.1,258,956.0
2025-02-09 12:00:00,7.54,3.82,1.0,259,956.4
2025-02-09 13:00:00,8.16,4.14,1.1,252,957.2
2025-02-09 14:00:00,8.41,4.14,-1.1,251,956.8
2025-02-09 15:00:00,8.59,4.2,-1.4,252,956.8
2025-02-09 16:00:00,8.84,4.34,-1.6,252,956.9
2025-02-09 17:00:00,9.2,4.57,-3.1,253,956.6
2025-02-09 18:00:00,9.39,4.72,-3.0,256,956.7
2025-02-09 19:00:00,9.68,4.88,-3.4,253,956.7
2025-02-09 20:00:00,9.85,5.02,-4.2,252,956.3
2025-02-09 21:00:00,9.97,5.1,-4.4,253,956.4
2025-02-09 22:00:00,9.83,4.96,-4.4,249,956.9
2025-02-09 23:00:00,9.55,4.78,-4.4,253,956.9
2025-02-10 00:00:00,9.29,4.67,-4.3,256,957.3
2025-02-10 01:00:00,9.02,4.57,-4.7,257,957.9
2025-02-10 02:00:00,9.15,4.63,-5.1,254,958.0
2025-02-10 03:00:00,9.24,4.81,-4.1,250,958.7
2025-02-10 04:00:00,8.79,4.72,-3.4,248,959.0
2025-02-10 05:00:00,8.18,5.02,0.3,249,960.0
2025-02-10 06:00:00,7.22,4.93,0.1,254,959.7
2025-02-10 07:00:00,6.6,4.63,-0.1,254,959.9
2025-02-10 08:00:00,6.17,4.44,0.4,250,959.9
2025-02-10 09:00:00,5.77,4.09,0.5,245,960.0
2025-02-10 10:00:00,4.33,2.8,-0.7,230,960.5
2025-02-10 11:00:00,2.97,1.86,-1.1,224,961.3
2025-02-10 12:00:00,2.05,1.86,-3.1,227,960.8
2025-02-10 13:00:00,1.06,1.36,-4.3,199,961.1
2025-02-10 14:00:00,1.06,1.26,-8.0,131,960.5
2025-02-10 15:00:00,2.09,1.5,-8.5,101,960.5
2025-02-10 16:00:00,3.01,1.83,-8.8,94,960.6
2025-02-10 17:00:00,3.61,1.85,-10.2,95,960.1
2025-02-10 18:00:00,4.02,1.88,-10.0,96,960.2
2025-02-10 19:00:00,4.29,1.73,-10.3,97,960.2
2025-02-10 20:00:00,4.23,1.52,-10.6,101,960.2
2025-02-10 21:00:00,4.24,1.49,-10.2,98,960.4
2025-02-10 22:00:00,5.11,2.13,-9.6,102,961.7
2025-02-10 23:00:00,5.36,2.18,-9.3,99,961.8
2025-02-11 00:00:00,5.7,2.19,-9.3,88,962.2
2025-02-11 01:00:00,5.86,2.28,-9.9,93,962.6
2025-02-11 02:00:00,5.64,2.25,-8.3,100,962.8
2025-02-11 03:00:00,5.8,2.62,-6.9,100,963.7
2025-02-11 04:00:00,5.73,3.05,-3.7,100,964.2
2025-02-11 05:00:00,5.52,3.72,0.9,95,964.9
2025-02-11 06:00:00,6.05,4.4,1.7,91,964.6
2025-02-11 07:00:00,6.35,4.65,1.7,92,963.8
2025-02-11 08:00:00,6.3,4.6,3.0,92,963.3
2025-02-11 09:00:00,6.21,4.45,3.2,93,962.4
2025-02-11 10:00:00,6.71,4.4,1.3,93,961.4
2025-02-11 11:00:00,6.96,3.86,1.2,93,960.8
2025-02-11 12:00:00,7.04,3.26,-0.5,99,960.5
2025-02-11 13:00:00,6.49,2.69,-1.0,104,960.1
2025-02-11 14:00:00,5.99,2.39,-3.7,103,958.9
2025-02-11 15:00:00,5.59,2.21,-3.5,97,958.6
2025-02-11 16:00:00,5.31,2.13,-3.7,94,957.7
2025-02-11 17:00:00,4.96,1.86,-5.0,94,957.3
2025-02-11 18:00:00,4.13,1.52,-5.9,97,956.8
2025-02-11 19:00:00,3.03,1.07,-6.4,99,956.5
2025-02-11 20:00:00,1.48,0.81,-7.7,102,956.2
2025-02-11 21:00:00,0.75,1.23,-8.4,233,955.8
2025-02-11 22:00:00,3.69,2.17,-8.9,245,957.2
2025-02-11 23:00:00,4.65,2.36,-7.0,253,957.9
2025-02-12 00:00:00,5.91,2.9,-6.1,251,958.7
2025-02-12 01:00:00,6.17,2.87,-6.0,249,959.4
2025-02-12 02:00:00,6.02,2.7,-5.1,251,959.6
2025-02-12 03:00:00,5.77,2.81,-4.6,252,960.5
2025-02-12 04:00:00,5.64,3.2,-2.7,251,960.7
2025-02-12 05:00:00,5.15,3.72,0.3,252,961.3
2025-02-12 06:00:00,5.47,4.08,0.1,256,961.1
2025-02-12 07:00:00,6.11,4.61,0.3,257,960.8
2025-02-12 08:00:00,6.5,4.85,1.9,258,960.8
2025-02-12 09:00:00,6.66,4.91,2.1,257,960.6
2025-02-12 10:00:00,5.82,4.22,0.9,256,961.2
2025-02-12 11:00:00,6.21,3.8,0.7,255,961.9
2025-02-12 12:00:00,6.76,3.63,0.7,249,962.3
2025-02-12 13:00:00,6.47,3.36,0.1,247,962.9
2025-02-12 14:00:00,5.56,2.71,-1.3,248,962.6
2025-02-12 15:00:00,4.43,2.05,-1.5,246,962.6
2025-02-12 16:00:00,3.76,1.75,-1.7,241,962.3
2025-02-12 17:00:00,3.56,1.67,-2.0,244,962.1
2025-02-12 18:00:00,3.63,1.63,-2.0,247,962.4
2025-02-12 19:00:00,3.68,1.67,-2.3,252,962.0
2025-02-12 20:00:00,3.64,1.66,-3.1,254,961.9
2025-02-12 21:00:00,3.67,1.73,-2.6,255,962.0
2025-02-12 22:00:00,3.35,1.49,-3.4,250,962.4
2025-02-12 23:00:00,2.82,1.3,-3.4,240,962.0
2025-02-13 00:00:00,2.41,1.09,-3.6,230,962.0
2025-02-13 01:00:00,1.52,0.85,-4.1,229,962.2
2025-02-13 02:00:00,0.81,0.81,-3.7,223,962.4
2025-02-13 03:00:00,0.38,0.59,-3.5,157,963.1
2025-02-13 04:00:00,0.68,0.47,-1.7,107,963.3
2025-02-13 05:00:00,1.05,0.67,1.4,115,963.9
2025-02-13 06:00:00,1.52,1.14,1.8,113,963.7
2025-02-13 07:00:00,1.82,1.26,1.9,111,962.9
2025-02-13 08:00:00,1.65,1.03,2.8,104,962.3
2025-02-13 09:00:00,1.6,0.95,2.7,94,961.6
2025-02-13 10:00:00,2.6,2.05,2.6,87,961.4
2025-02-13 11:00:00,3.41,1.97,2.5,95,961.4
2025-02-13 12:00:00,4.06,2.58,0.2,112,961.4
2025-02-13 13:00:00,4.09,2.13,0.1,117,961.9
2025-02-13 14:00:00,3.56,2.15,-1.6,110,961.9
2025-02-13 15:00:00,4.0,2.15,-1.8,89,961.8
2025-02-13 16:00:00,4.91,2.02,-1.6,86,961.7
2025-02-13 17:00:00,4.91,1.9,-2.8,93,961.1
2025-02-13 18:00:00,4.68,1.79,-4.1,97,960.7
2025-02-13 19:00:00,4.58,1.76,-4.4,97,960.3
2025-02-13 20:00:00,4.81,1.85,-5.7,94,960.0
2025-02-13 21:00:00,4.76,1.8,-6.1,94,959.1
2025-02-13 22:00:00,4.87,1.88,-6.1,99,959.3
2025-02-13 23:00:00,4.35,1.68,-6.1,99,959.0
2025-02-14 00:00:00,5.0,1.98,-6.2,88,959.1
2025-02-14 01:00:00,5.31,2.15,-5.6,93,959.7
2025-02-14 02:00:00,5.22,2.14,-5.6,95,959.6
2025-02-14 03:00:00,4.82,2.11,-3.9,95,960.2
2025-02-14 04:00:00,4.0,2.46,-1.3,93,960.7
2025-02-14 05:00:00,4.2,3.15,1.4,89,960.6
2025-02-14 06:00:00,4.85,3.75,1.5,89,959.9
2025-02-14 07:00:00,5.0,3.85,1.7,90,959.2
2025-02-14 08:00:00,4.85,3.75,3.1,89,958.6
2025-02-14 09:00:00,4.6,3.55,3.6,91,958.2
2025-02-14 10:00:00,4.33,3.27,2.1,101,957.4
2025-02-14 11:00:00,3.53,1.96,2.0,111,957.3
2025-02-14 12:00:00,3.23,2.47,-1.4,106,956.7
2025-02-14 13:00:00,3.51,2.12,-1.0,95,956.6
2025-02-14 14:00:00,4.15,2.01,-3.5,90,956.0
2025-02-14 15:00:00,4.6,1.91,-3.4,89,955.8
2025-02-14 16:00:00,5.16,1.92,-3.2,87,955.4
2025-02-14 17:00:00,5.76,2.12,-3.8,88,954.8
2025-02-14 18:00:00,6.0,2.31,-3.9,91,954.5
2025-02-14 19:00:00,6.27,2.48,-4.2,94,954.0
2025-02-14 20:00:00,6.39,2.64,-4.2,97,953.3
2025-02-14 21:00:00,6.33,2.66,-4.5,99,952.7
2025-02-14 22:00:00,6.4,2.92,-4.1,103,953.0
2025-02-14 23:00:00,6.99,3.19,-4.2,96,952.2
2025-02-15 00:00:00,7.45,3.43,-4.3,97,951.9
2025-02-15 01:00:00,7.7,3.64,-3.9,101,952.0
2025-02-15 02:00:00,7.41,3.44,-3.3,102,951.9
2025-02-15 03:00:00,6.88,3.39,-1.7,99,952.1
2025-02-15 04:00:00,6.43,3.52,0.2,96,952.2
2025-02-15 05:00:00,6.03,4.17,4.2,96,952.5
2025-02-15 06:00:00,6.61,4.76,4.2,93,951.6
2025-02-15 07:00:00,6.75,5.0,4.0,91,950.7
2025-02-15 08:00:00,6.3,4.65,6.3,90,950.4
2025-02-15 09:00:00,5.8,4.25,6.7,90,949.9
2025-02-15 10:00:00,4.7,3.15,4.4,98,949.7
2025-02-15 11:00:00,0.71,0.81,4.5,188,949.8
2025-02-15 12:00:00,6.42,3.3,2.3,279,951.0
2025-02-15 13:00:00,7.69,3.77,2.4,276,952.3
2025-02-15 14:00:00,6.95,3.26,0.2,270,952.2
2025-02-15 15:00:00,6.31,2.98,-0.4,259,952.7
2025-02-15 16:00:00,6.68,3.14,-0.4,253,952.9
2025-02-15 17:00:00,6.89,3.28,-1.5,251,952.6
2025-02-15 18:00:00,7.0,3.28,-1.5,248,953.1
2025-02-15 19:00:00,6.64,2.96,-1.5,243,953.0
2025-02-15 20:00:00,6.04,2.57,-2.3,244,952.8
2025-02-15 21:00:00,5.53,2.24,-2.4,246,952.6
2025-02-15 22:00:00,4.92,2.02,-3.3,242,952.7
2025-02-15 23:00:00,3.67,1.18,-3.4,241,952.4
2025-02-16 00:00:00,2.57,0.85,-3.8,257,952.4
2025-02-16 01:00:00,2.26,0.87,-3.8,252,953.1
2025-02-16 02:00:00,1.79,0.86,-2.8,234,953.4
2025-02-16 03:00:00,1.43,0.91,-1.5,209,954.3
2025-02-16 04:00:00,1.63,1.03,-0.1,230,955.1
2025-02-16 05:00:00,2.23,1.76,3.4,250,955.9
2025-02-16 06:00:00,2.83,2.28,3.3,253,955.9
2025-02-16 07:00:00,3.37,2.7,3.6,252,955.7
2025-02-16 08:00:00,3.94,3.15,4.7,258,955.7
2025-02-16 09:00:00,4.33,3.37,4.4,256,955.5
2025-02-16 10:00:00,4.53,3.41,3.0,239,956.5
2025-02-16 11:00:00,4.05,2.39,2.5,241,956.7
2025-02-16 12:00:00,3.69,2.33,1.8,242,957.1
2025-02-16 13:00:00,3.3,2.23,1.3,256,957.3
2025-02-16 14:00:00,3.08,1.84,-0.1,263,957.6
2025-02-16 15:00:00,3.45,1.63,-0.2,260,957.9
2025-02-16 16:00:00,3.69,1.63,-0.2,254,958.2
2025-02-16 17:00:00,3.78,1.49,-1.1,252,958.1
2025-02-16 18:00:00,3.61,1.35,-0.9,253,958.8
2025-02-16 19:00:00,3.87,1.45,-0.8,253,959.1
2025-02-16 20:00:00,4.0,1.52,-1.9,250,959.5
2025-02-16 21:00:00,3.67,1.38,-2.0,246,959.3
2025-02-16 22:00:00,3.31,1.28,-3.9,243,959.7
2025-02-16 23:00:00,2.67,1.16,-4.1,232,959.4
2025-02-17 00:00:00,2.3,0.97,-4.2,226,959.9
2025-02-17 01:00:00,1.17,0.55,-4.0,227,960.5
2025-02-17 02:00:00,0.32,0.43,-3.2,162,961.3
2025-02-17 03:00:00,0.74,0.62,-1.8,118,962.2
2025-02-17 04:00:00,0.91,0.51,0.0,96,963.1
2025-02-17 05:00:00,1.3,1.05,3.7,86,963.7
2025-02-17 06:00:00,1.25,1.05,4.1,92,963.6
2025-02-17 07:00:00,0.93,0.82,4.5,106,963.5
2025-02-17 08:00:00,0.38,0.36,6.0,157,963.2
2025-02-17 09:00:00,0.74,0.65,6.0,242,963.0
2025-02-17 10:00:00,0.32,0.32,4.5,129,962.6
2025-02-17 11:00:00,1.28,0.72,4.4,201,962.7
2025-02-17 12:00:00,1.59,1.37,2.1,204,962.8
2025-02-17 13:00:00,0.68,0.73,0.9,216,963.1
2025-02-17 14:00:00,0.56,0.76,-0.8,207,962.9
2025-02-17 15:00:00,0.46,0.71,-1.1,167,963.1
2025-02-17 16:00:00,0.96,0.65,-1.3,84,963.0
2025-02-17 17:00:00,2.07,1.24,-3.2,83,962.1
2025-02-17 18:00:00,2.95,1.63,-3.3,89,962.1
2025-02-17 19:00:00,3.15,1.52,-3.5,90,961.8
2025-02-17 20:00:00,3.15,1.35,-4.3,91,961.4
2025-02-17 21:00:00,3.4,1.27,-3.8,92,961.2
2025-02-17 22:00:00,3.71,1.2,-3.8,94,961.0
2025-02-17 23:00:00,3.99,1.35,-4.2,98,960.7
2025-02-18 00:00:00,4.19,1.48,-4.0,98,961.0
2025-02-18 01:00:00,4.77,1.84,-3.9,95,961.0
2025-02-18 02:00:00,5.5,2.29,-2.3,92,961.7
2025-02-18 03:00:00,5.95,3.1,-0.4,89,962.1
2025-02-18 04:00:00,5.41,3.71,0.6,86,961.8
2025-02-18 05:00:00,6.11,4.6,4.9,87,962.1
2025-02-18 06:00:00,6.55,5.0,4.3,88,961.0
2025-02-18 07:00:00,6.6,5.1,4.7,88,960.1
2025-02-18 08:00:00,6.35,4.9,6.5,88,959.4
2025-02-18 09:00:00,5.9,4.55,6.3,89,958.7
2025-02-18 10:00:00,5.41,4.06,4.8,94,957.6
2025-02-18 11:00:00,4.85,3.13,4.5,98,957.4
2025-02-18 12:00:00,5.1,2.29,2.8,98,957.3
2025-02-18 13:00:00,5.47,2.29,1.8,95,956.9
2025-02-18 14:00:00,5.58,2.26,-0.7,96,956.2
2025-02-18 15:00:00,5.71,2.29,-0.6,94,956.0
2025-02-18 16:00:00,6.0,2.39,-0.3,92,955.6
2025-02-18 17:00:00,6.3,2.55,-1.3,92,955.0
2025-02-18 18:00:00,6.37,2.52,-1.1,94,954.7
2025-02-18 19:00:00,6.32,2.5,-1.0,95,954.6
2025-02-18 20:00:00,6.47,2.64,-2.1,95,954.1
2025-02-18 21:00:00,6.62,2.78,-2.8,94,953.5
2025-02-18 22:00:00,6.15,2.46,-3.2,100,953.7
2025-02-18 23:00:00,5.84,2.33,-3.0,96,953.8
2025-02-19 00:00:00,5.81,2.28,-3.4,93,953.7
2025-02-19 01:00:00,5.92,2.37,-3.8,94,954.2
2025-02-19 02:00:00,5.95,2.45,-2.0,98,955.1
2025-02-19 03:00:00,5.2,2.58,0.3,98,956.1
2025-02-19 04:00:00,3.81,2.31,1.9,93,956.7
2025-02-19 05:00:00,3.46,2.6,5.2,87,957.5
2025-02-19 06:00:00,3.36,2.65,4.7,87,957.1
2025-02-19 07:00:00,3.1,2.5,4.8,88,956.5
2025-02-19 08:00:00,2.95,2.4,6.7,93,956.2
2025-02-19 09:00:00,2.87,2.31,6.9,97,955.5
2025-02-19 10:00:00,2.84,2.23,4.9,99,955.0
2025-02-19 11:00:00,2.3,1.45,4.0,88,954.6
2025-02-19 12:00:00,2.11,1.75,3.3,85,955.0
2025-02-19 13:00:00,1.76,1.31,3.3,95,955.1
2025-02-19 14:00:00,1.44,1.31,-0.9,124,954.5
2025-02-19 15:00:00,1.18,1.01,-1.5,144,954.5
2025-02-19 16:00:00,0.75,0.7,-1.7,143,954.7
2025-02-19 17:00:00,0.53,0.5,-3.5,131,954.4
2025-02-19 18:00:00,0.67,0.56,-3.9,117,954.4
2025-02-19 19:00:00,1.01,0.72,-4.0,117,954.5
2025-02-19 20:00:00,1.03,0.76,-4.9,113,954.2
2025-02-19 21:00:00,1.11,0.86,-4.6,108,954.4
2025-02-19 22:00:00,1.62,0.92,-4.6,112,955.1
2025-02-19 23:00:00,2.47,0.92,-4.5,98,954.9
2025-02-20 00:00:00,2.65,0.97,-5.0,101,955.6
2025-02-20 01:00:00,2.9,0.94,-4.9,93,956.0
2025-02-20 02:00:00,3.35,1.18,-3.2,100,956.9
2025-02-20 03:00:00,3.23,1.53,-0.9,109,958.0
2025-02-20 04:00:00,2.55,1.34,1.5,110,958.5
2025-02-20 05:00:00,1.83,1.52,6.7,101,959.6
2025-02-20 06:00:00,1.6,1.4,6.7,94,959.5
2025-02-20 07:00:00,1.12,1.0,7.4,100,959.0
2025-02-20 08:00:00,0.35,0.36,9.3,135,958.8
2025-02-20 09:00:00,0.72,0.56,9.3,258,958.4
2025-02-20 10:00:00,0.32,0.21,7.5,288,958.8
2025-02-20 11:00:00,0.53,0.58,6.1,49,958.0
2025-02-20 12:00:00,1.57,1.5,6.6,81,958.7
2025-02-20 13:00:00,2.56,2.19,6.8,94,959.5
2025-02-20 14:00:00,3.07,2.14,1.3,97,958.4
2025-02-20 15:00:00,3.5,1.81,0.1,91,958.4
2025-02-20 16:00:00,3.6,1.6,-0.5,89,958.6
2025-02-20 17:00:00,3.36,1.49,-1.7,94,958.2
2025-02-20 18:00:00,3.11,1.42,-1.4,95,958.6
2025-02-20 19:00:00,3.1,1.42,-1.3,88,958.4
2025-02-20 20:00:00,3.06,1.28,-2.5,85,958.1
2025-02-20 21:00:00,3.05,1.24,-2.2,89,958.3
2025-02-20 22:00:00,3.3,1.06,-3.5,90,959.0
2025-02-20 23:00:00,4.15,1.51,-3.6,93,959.0
2025-02-21 00:00:00,4.11,1.59,-4.1,106,959.1
2025-02-21 01:00:00,3.53,1.38,-4.3,106,959.3
2025-02-21 02:00:00,3.5,1.36,-2.6,89,960.0
2025-02-21 03:00:00,4.26,2.17,-0.4,86,960.7
2025-02-21 04:00:00,3.95,2.65,1.8,89,961.1
2025-02-21 05:00:00,4.8,3.7,6.7,88,961.8
2025-02-21 06:00:00,5.46,4.26,6.5,87,961.3
2025-02-21 07:00:00,5.71,4.46,7.3,86,960.6
2025-02-21 08:00:00,5.71,4.46,8.7,86,960.1
2025-02-21 09:00:00,5.55,4.3,9.0,88,959.4
2025-02-21 10:00:00,5.55,4.15,7.6,89,958.7
2025-02-21 11:00:00,5.0,3.0,6.9,91,958.7
2025-02-21 12:00:00,4.93,2.74,4.4,101,958.4
2025-02-21 13:00:00,4.27,2.49,3.3,104,958.2
2025-02-21 14:00:00,4.03,1.97,0.1,97,957.5
2025-02-21 15:00:00,4.55,1.8,-0.3,89,957.4
2025-02-21 16:00:00,5.31,1.99,0.0,87,957.2
2025-02-21 17:00:00,6.15,2.37,-0.8,90,956.7
2025-02-21 18:00:00,6.81,2.8,-0.5,94,956.8
2025-02-21 19:00:00,7.24,3.13,-0.4,96,956.5
2025-02-21 20:00:00,7.2,3.09,-1.4,97,956.1
2025-02-21 21:00:00,6.9,3.0,-1.4,97,956.3
2025-02-21 22:00:00,6.43,2.79,-1.6,103,956.0
2025-02-21 23:00:00,6.1,2.62,-2.1,100,955.8
2025-02-22 00:00:00,6.56,2.84,-2.5,93,956.1
2025-02-22 01:00:00,6.68,2.89,-2.7,95,956.4
2025-02-22 02:00:00,6.47,2.89,-0.9,98,956.8
2025-02-22 03:00:00,6.25,3.24,1.4,97,957.9
2025-02-22 04:00:00,5.73,3.59,2.8,96,958.0
2025-02-22 05:00:00,6.16,4.56,7.4,93,958.6
2025-02-22 06:00:00,6.75,5.05,7.0,90,958.3
2025-02-22 07:00:00,6.9,5.25,7.0,88,957.9
2025-02-22 08:00:00,6.67,5.06,8.8,86,957.6
2025-02-22 09:00:00,6.25,4.7,9.1,88,957.4
2025-02-22 10:00:00,6.16,4.45,8.4,93,957.1
2025-02-22 11:00:00,5.32,2.91,7.9,95,957.0
2025-02-22 12:00:00,5.39,2.62,5.4,97,956.5
2025-02-22 13:00:00,5.41,2.4,4.8,94,956.7
2025-02-22 14:00:00,5.75,2.27,0.8,90,956.0
2025-02-22 15:00:00,6.21,2.46,0.6,88,956.0
2025-02-22 16:00:00,6.71,2.66,0.8,87,956.2
2025-02-22 17:00:00,7.05,2.86,0.0,88,956.1
2025-02-22 18:00:00,7.2,2.92,0.4,91,956.3
2025-02-22 19:00:00,7.21,2.98,0.4,94,956.7
2025-02-22 20:00:00,7.02,2.9,-1.0,94,956.3
2025-02-22 21:00:00,6.8,2.82,-1.3,97,956.5
2025-02-22 22:00:00,7.09,3.08,-1.6,99,956.2
2025-02-22 23:00:00,6.94,2.92,-2.1,96,956.7
2025-02-23 00:00:00,7.01,2.97,-2.6,94,956.7
2025-02-23 01:00:00,7.32,3.09,-2.7,94,957.3
2025-02-23 02:00:00,7.13,3.11,-0.6,98,957.9
2025-02-23 03:00:00,6.75,3.39,1.1,100,958.9
2025-02-23 04:00:00,5.94,3.59,3.7,96,959.3
2025-02-23 05:00:00,6.45,4.7,8.2,90,960.0
2025-02-23 06:00:00,7.26,5.46,8.9,87,960.0
2025-02-23 07:00:00,7.66,5.76,8.6,87,959.3
2025-02-23 08:00:00,7.76,5.81,10.9,87,959.0
2025-02-23 09:00:00,7.7,5.7,11.2,88,958.2
2025-02-23 10:00:00,8.16,5.86,10.4,88,957.3
2025-02-23 11:00:00,8.05,5.25,10.4,89,956.9
2025-02-23 12:00:00,8.31,4.51,10.3,93,956.9
2025-02-23 13:00:00,8.51,4.11,8.6,93,956.6
2025-02-23 14:00:00,8.41,3.96,5.0,92,955.9
2025-02-23 15:00:00,8.31,3.86,5.2,92,956.0
2025-02-23 16:00:00,8.3,3.86,5.0,92,955.6
2025-02-23 17:00:00,8.57,4.04,3.6,94,954.6
2025-02-23 18:00:00,8.8,4.25,3.4,96,954.2
2025-02-23 19:00:00,8.83,4.31,3.5,98,953.9
2025-02-23 20:00:00,8.84,4.31,2.7,98,953.1
2025-02-23 21:00:00,8.79,4.26,2.1,98,952.7
2025-02-23 22:00:00,8.54,4.18,2.1,100,952.5
2025-02-23 23:00:00,8.41,4.06,2.5,97,952.3
2025-02-24 00:00:00,8.04,3.77,2.2,96,952.4
2025-02-24 01:00:00,7.46,3.36,1.9,97,952.5
2025-02-24 02:00:00,6.91,3.08,3.2,97,952.8
2025-02-24 03:00:00,6.5,3.29,4.7,97,953.3
2025-02-24 04:00:00,5.81,3.09,6.4,93,953.5
2025-02-24 05:00:00,5.25,3.76,11.1,92,954.3
2025-02-24 06:00:00,5.9,4.45,11.2,90,953.9
2025-02-24 07:00:00,6.35,4.85,11.6,89,953.2
2025-02-24 08:00:00,6.66,5.11,13.7,87,952.3
2025-02-24 09:00:00,6.81,5.16,13.6,87,951.5
2025-02-24 10:00:00,6.85,4.95,11.7,90,949.8
2025-02-24 11:00:00,6.55,4.15,11.2,92,950.0
2025-02-24 12:00:00,6.72,3.27,10.3,94,950.0
2025-02-24 13:00:00,7.21,3.25,9.8,93,949.9
2025-02-24 14:00:00,7.83,3.53,5.9,95,949.0
2025-02-24 15:00:00,8.11,3.75,5.7,100,948.8
2025-02-24 16:00:00,7.93,3.71,5.7,98,948.1
2025-02-24 17:00:00,7.86,3.63,4.7,93,947.9
2025-02-24 18:00:00,7.9,3.63,4.7,92,947.7
2025-02-24 19:00:00,7.73,3.49,4.7,95,947.6
2025-02-24 20:00:00,7.38,3.25,3.8,99,947.0
2025-02-24 21:00:00,7.0,3.04,3.3,99,946.6
2025-02-24 22:00:00,6.48,2.72,3.8,102,947.6
2025-02-24 23:00:00,5.51,2.13,2.8,94,947.7
2025-02-25 00:00:00,5.56,2.21,2.5,93,947.8
2025-02-25 01:00:00,5.14,2.06,2.0,101,947.7
2025-02-25 02:00:00,4.16,1.59,3.5,100,947.8
2025-02-25 03:00:00,2.6,1.25,4.8,101,948.8
2025-02-25 04:00:00,2.4,1.3,6.9,94,948.8
2025-02-25 05:00:00,3.36,2.46,12.4,95,948.6
2025-02-25 06:00:00,4.45,3.45,12.3,91,948.0
2025-02-25 07:00:00,6.17,4.77,12.7,85,946.4
2025-02-25 08:00:00,7.78,5.83,14.3,85,944.7
2025-02-25 09:00:00,8.26,6.06,14.8,88,943.3
2025-02-25 10:00:00,8.08,5.76,12.8,95,941.7
2025-02-25 11:00:00,7.32,4.51,12.2,94,941.6
2025-02-25 12:00:00,6.44,2.98,11.0,96,941.0
2025-02-25 13:00:00,4.54,2.1,9.6,107,941.0
2025-02-25 14:00:00,2.26,1.26,6.9,121,940.8
2025-02-25 15:00:00,0.78,0.96,6.8,130,941.0
2025-02-25 16:00:00,0.22,0.75,6.0,153,941.0
2025-02-25 17:00:00,0.25,0.75,5.0,169,940.8
2025-02-25 18:00:00,0.76,1.05,4.7,203,940.8
2025-02-25 19:00:00,1.72,1.32,5.0,240,941.2
2025-02-25 20:00:00,3.35,1.76,3.8,250,941.0
2025-02-25 21:00:00,3.87,1.74,3.4,241,940.8
2025-02-25 22:00:00,2.32,1.36,2.8,213,940.5
2025-02-25 23:00:00,0.35,0.78,1.7,188,939.9
2025-02-26 00:00:00,1.65,0.97,1.2,268,940.8
2025-02-26 01:00:00,5.5,2.71,1.8,262,942.3
2025-02-26 02:00:00,8.84,4.51,4.1,260,944.8
2025-02-26 03:00:00,11.21,6.66,4.4,262,947.4
2025-02-26 04:00:00,11.73,7.45,4.0,266,949.3
2025-02-26 05:00:00,11.96,8.17,5.0,267,951.0
2025-02-26 06:00:00,12.5,8.75,5.0,270,952.4
2025-02-26 07:00:00,13.5,9.35,4.8,270,952.9
2025-02-26 08:00:00,14.15,9.55,3.4,270,953.8
2025-02-26 09:00:00,15.1,9.9,3.0,271,955.4
2025-02-26 10:00:00,14.57,9.4,0.5,273,957.8
2025-02-26 11:00:00,13.63,8.86,0.5,274,959.6
2025-02-26 12:00:00,12.9,8.25,0.5,271,961.1
2025-02-26 13:00:00,12.3,7.61,0.5,270,962.2
2025-02-26 14:00:00,11.0,6.67,-0.9,269,963.1
2025-02-26 15:00:00,9.11,5.61,-0.9,264,963.1
2025-02-26 16:00:00,8.1,4.98,-0.8,257,962.9
2025-02-26 17:00:00,7.26,4.39,-1.6,252,962.4
2025-02-26 18:00:00,6.3,3.56,-1.7,248,961.9
2025-02-26 19:00:00,5.05,2.57,-1.7,249,961.0
2025-02-26 20:00:00,3.87,1.66,-1.9,256,960.1
2025-02-26 21:00:00,2.37,1.45,-2.2,263,959.6
2025-02-26 22:00:00,1.23,0.95,-3.1,238,960.0
2025-02-26 23:00:00,1.65,1.21,-3.0,90,960.2
2025-02-27 00:00:00,3.11,2.06,-2.8,86,960.1
2025-02-27 01:00:00,5.2,2.27,-2.6,88,960.1
2025-02-27 02:00:00,5.3,2.52,-1.3,101,959.8
2025-02-27 03:00:00,4.35,2.77,-0.4,99,959.7
2025-02-27 04:00:00,4.06,3.15,-1.0,94,958.9
2025-02-27 05:00:00,3.76,2.95,1.7,93,958.5
2025-02-27 06:00:00,3.61,2.91,2.0,86,957.4
2025-02-27 07:00:00,3.1,2.55,2.4,91,956.0
2025-02-27 08:00:00,2.36,1.96,3.6,95,955.0
2025-02-27 09:00:00,1.3,1.05,4.0,86,954.4
2025-02-27 10:00:00,0.47,0.39,2.7,122,954.3
2025-02-27 11:00:00,0.22,0.27,2.7,207,954.0
2025-02-27 12:00:00,0.98,1.01,2.0,255,953.6
2025-02-27 13:00:00,2.39,1.8,1.8,259,953.9
2025-02-27 14:00:00,3.33,1.63,0.6,262,953.3
2025-02-27 15:00:00,3.46,1.66,0.6,265,952.8
2025-02-27 16:00:00,3.9,1.86,0.9,272,952.8
2025-02-27 17:00:00,4.16,1.99,-0.3,265,952.2
2025-02-27 18:00:00,3.72,1.67,-0.6,255,952.1
2025-02-27 19:00:00,3.2,1.35,-0.8,250,951.6
2025-02-27 20:00:00,3.44,1.63,-2.0,249,950.7
2025-02-27 21:00:00,3.93,1.87,-1.4,248,951.0
2025-02-27 22:00:00,4.41,2.28,-1.2,250,952.2
2025-02-27 23:00:00,4.22,2.08,-0.9,253,952.7
2025-02-28 00:00:00,4.73,2.36,-0.7,252,952.9
2025-02-28 01:00:00,4.67,2.25,-1.0,249,953.3
2025-02-28 02:00:00,4.19,1.97,-0.7,250,953.3
2025-02-28 03:00:00,3.69,1.99,-1.1,254,953.4
2025-02-28 04:00:00,3.43,2.48,-1.1,254,953.5
2025-02-28 05:00:00,4.0,3.04,1.4,252,953.7
2025-02-28 06:00:00,4.11,3.19,1.8,254,953.7
2025-02-28 07:00:00,4.05,3.23,2.5,252,953.0
2025-02-28 08:00:00,3.91,3.13,4.0,251,952.5
2025-02-28 09:00:00,3.98,3.18,4.0,252,952.0
2025-02-28 10:00:00,3.89,3.05,3.4,252,952.8
2025-02-28 11:00:00,4.01,2.97,3.2,266,953.0
2025-02-28 12:00:00,5.01,2.82,2.7,261,953.8
2025-02-28 13:00:00,6.23,3.2,2.0,256,954.6
2025-02-28 14:00:00,6.69,3.46,0.4,258,955.5
2025-02-28 15:00:00,6.59,3.43,0.1,258,955.6
2025-02-28 16:00:00,6.28,3.23,0.0,261,956.4
2025-02-28 17:00:00,6.23,3.23,-0.7,258,956.6
2025-02-28 18:00:00,6.26,3.28,-0.8,259,957.1
2025-02-28 19:00:00,6.16,3.24,-1.0,259,957.3
2025-02-28 20:00:00,5.93,3.1,-1.4,261,957.1
2025-02-28 21:00:00,5.42,2.71,-1.6,256,957.2
2025-02-28 22:00:00,4.23,2.02,-1.5,246,957.9
2025-02-28 23:00:00,2.88,1.1,-1.2,262,958.5
