window,turbine_id,section,baseline,model,mode,scope,lead_start,lead_end,label,n,mae,rmse,bias,nmae,nrmse,nbias,sde,fit_a,fit_b,skill_pct,pinball_mean,coverage_p10_p90
Feb 2024,T1,ceiling,era5_fixed_scada_curve,,all,all,1,48,left,1392,0.282120,0.383718,-0.249102,0.282120,0.383718,-0.249102,0.291869,,,,,
Feb 2024,T1,ceiling,era5_fixed_scada_curve,,all,h1-24,1,24,left,696,0.287917,0.388910,-0.254691,0.287917,0.388910,-0.254691,0.293911,,,,,
Feb 2024,T1,ceiling,era5_fixed_scada_curve,,all,h25-48,25,48,left,696,0.276323,0.378454,-0.243514,0.276323,0.378454,-0.243514,0.289704,,,,,
Feb 2024,T1,ceiling,era5_fixed_scada_curve,,weather_explainable,all,1,48,left,1283,0.293716,0.395230,-0.273122,0.293716,0.395230,-0.273122,0.285677,,,,,
Feb 2024,T1,ceiling,era5_fixed_scada_curve,,weather_explainable,h1-24,1,24,left,642,0.299798,0.400544,-0.278941,0.299798,0.400544,-0.278941,0.287450,,,,,
Feb 2024,T1,ceiling,era5_fixed_scada_curve,,weather_explainable,h25-48,25,48,left,641,0.287624,0.389835,-0.267293,0.287624,0.389835,-0.267293,0.283771,,,,,
Feb 2024,T1,ceiling,era5_linear_mos_lomo,,all,all,1,48,left,1392,0.200531,0.274570,-0.072619,0.200531,0.274570,-0.072619,0.264793,1.093737,1.341262,,,
Feb 2024,T1,ceiling,era5_linear_mos_lomo,,all,h1-24,1,24,left,696,0.204163,0.278647,-0.076894,0.204163,0.278647,-0.076894,0.267828,1.093737,1.341262,,,
Feb 2024,T1,ceiling,era5_linear_mos_lomo,,all,h25-48,25,48,left,696,0.196899,0.270432,-0.068345,0.196899,0.270432,-0.068345,0.261653,1.093737,1.341262,,,
Feb 2024,T1,ceiling,era5_linear_mos_lomo,,weather_explainable,all,1,48,left,1283,0.194331,0.266205,-0.096380,0.194331,0.266205,-0.096380,0.248145,1.093737,1.341262,,,
Feb 2024,T1,ceiling,era5_linear_mos_lomo,,weather_explainable,h1-24,1,24,left,642,0.198235,0.270689,-0.100821,0.198235,0.270689,-0.100821,0.251213,1.093737,1.341262,,,
Feb 2024,T1,ceiling,era5_linear_mos_lomo,,weather_explainable,h25-48,25,48,left,641,0.190421,0.261636,-0.091931,0.190421,0.261636,-0.091931,0.244953,1.093737,1.341262,,,
Feb 2024,T1,ceiling,era5_refit_lomo,,all,all,1,48,left,1392,0.201493,0.266754,-0.044827,0.201493,0.266754,-0.044827,0.262961,0.667000,5.805000,,,
Feb 2024,T1,ceiling,era5_refit_lomo,,all,h1-24,1,24,left,696,0.204640,0.270122,-0.048983,0.204640,0.270122,-0.048983,0.265644,0.667000,5.805000,,,
Feb 2024,T1,ceiling,era5_refit_lomo,,all,h25-48,25,48,left,696,0.198347,0.263343,-0.040671,0.198347,0.263343,-0.040671,0.260183,0.667000,5.805000,,,
Feb 2024,T1,ceiling,era5_refit_lomo,,weather_explainable,all,1,48,left,1283,0.194308,0.257013,-0.068538,0.194308,0.257013,-0.068538,0.247706,0.667000,5.805000,,,
Feb 2024,T1,ceiling,era5_refit_lomo,,weather_explainable,h1-24,1,24,left,642,0.197727,0.260762,-0.072831,0.197727,0.260762,-0.072831,0.250385,0.667000,5.805000,,,
Feb 2024,T1,ceiling,era5_refit_lomo,,weather_explainable,h25-48,25,48,left,641,0.190884,0.253202,-0.064238,0.190884,0.253202,-0.064238,0.244918,0.667000,5.805000,,,
Feb 2024,T1,ceiling,perfect_wind,,all,all,1,48,left,1392,0.036198,0.046212,-0.002454,0.036198,0.046212,-0.002454,0.046147,,,,,
Feb 2024,T1,ceiling,perfect_wind,,all,h1-24,1,24,left,696,0.036028,0.046155,-0.003120,0.036028,0.046155,-0.003120,0.046050,,,,,
Feb 2024,T1,ceiling,perfect_wind,,all,h25-48,25,48,left,696,0.036368,0.046269,-0.001789,0.036368,0.046269,-0.001789,0.046234,,,,,
Feb 2024,T1,ceiling,perfect_wind,,weather_explainable,all,1,48,left,1283,0.032089,0.040272,-0.009847,0.032089,0.040272,-0.009847,0.039049,,,,,
Feb 2024,T1,ceiling,perfect_wind,,weather_explainable,h1-24,1,24,left,642,0.031923,0.040216,-0.010518,0.031923,0.040216,-0.010518,0.038816,,,,,
Feb 2024,T1,ceiling,perfect_wind,,weather_explainable,h25-48,25,48,left,641,0.032255,0.040328,-0.009175,0.032255,0.040328,-0.009175,0.039270,,,,,
Feb 2024,T1,honest,constant_median,,all,all,1,48,left,1392,0.347607,0.434547,-0.204437,0.347607,0.434547,-0.204437,0.383453,,,,,
Feb 2024,T1,honest,constant_median,,all,h1-24,1,24,left,696,0.351087,0.437162,-0.211377,0.351087,0.437162,-0.211377,0.382663,,,,,
Feb 2024,T1,honest,constant_median,,all,h25-48,25,48,left,696,0.344126,0.431916,-0.197498,0.344126,0.431916,-0.197498,0.384117,,,,,
Feb 2024,T1,honest,constant_median,,weather_explainable,all,1,48,left,1283,0.365241,0.450086,-0.230740,0.365241,0.450086,-0.230740,0.386441,,,,,
Feb 2024,T1,honest,constant_median,,weather_explainable,h1-24,1,24,left,642,0.368902,0.452694,-0.237923,0.368902,0.452694,-0.237923,0.385129,,,,,
Feb 2024,T1,honest,constant_median,,weather_explainable,h25-48,25,48,left,641,0.361574,0.447459,-0.223545,0.361574,0.447459,-0.223545,0.387617,,,,,
Feb 2024,T1,honest,madsen_new_reference,,all,all,1,48,left,1392,0.324721,0.370515,-0.064654,0.324721,0.370515,-0.064654,0.364830,,,,,
Feb 2024,T1,honest,madsen_new_reference,,all,h1-24,1,24,left,696,0.305151,0.352063,-0.062193,0.305151,0.352063,-0.062193,0.346527,,,,,
Feb 2024,T1,honest,madsen_new_reference,,all,h25-48,25,48,left,696,0.344291,0.388090,-0.067115,0.344291,0.388090,-0.067115,0.382242,,,,,
Feb 2024,T1,honest,madsen_new_reference,,weather_explainable,all,1,48,left,1283,0.332892,0.379243,-0.087980,0.332892,0.379243,-0.087980,0.368897,,,,,
Feb 2024,T1,honest,madsen_new_reference,,weather_explainable,h1-24,1,24,left,642,0.313568,0.360726,-0.082895,0.313568,0.360726,-0.082895,0.351072,,,,,
Feb 2024,T1,honest,madsen_new_reference,,weather_explainable,h25-48,25,48,left,641,0.352247,0.396925,-0.093073,0.352247,0.396925,-0.093073,0.385858,,,,,
Feb 2024,T1,honest,month_hour_climatology,,all,all,1,48,left,1392,0.344633,0.389565,-0.075549,0.344633,0.389565,-0.075549,0.382169,,,,,
Feb 2024,T1,honest,month_hour_climatology,,all,h1-24,1,24,left,696,0.345700,0.390785,-0.081972,0.345700,0.390785,-0.081972,0.382091,,,,,
Feb 2024,T1,honest,month_hour_climatology,,all,h25-48,25,48,left,696,0.343566,0.388341,-0.069126,0.343566,0.388341,-0.069126,0.382139,,,,,
Feb 2024,T1,honest,month_hour_climatology,,weather_explainable,all,1,48,left,1283,0.352959,0.398627,-0.101479,0.352959,0.398627,-0.101479,0.385494,,,,,
Feb 2024,T1,honest,month_hour_climatology,,weather_explainable,h1-24,1,24,left,642,0.354097,0.399871,-0.108107,0.354097,0.399871,-0.108107,0.384980,,,,,
Feb 2024,T1,honest,month_hour_climatology,,weather_explainable,h25-48,25,48,left,641,0.351820,0.397378,-0.094841,0.351820,0.397378,-0.094841,0.385895,,,,,
Feb 2024,T1,honest,same_hour_yesterday,,all,all,1,48,left,1392,0.379729,0.494713,0.003487,0.379729,0.494713,0.003487,0.494700,,,,,
Feb 2024,T1,honest,same_hour_yesterday,,all,h1-24,1,24,left,696,0.379813,0.493635,-0.006906,0.379813,0.493635,-0.006906,0.493587,,,,,
Feb 2024,T1,honest,same_hour_yesterday,,all,h25-48,25,48,left,696,0.379646,0.495788,0.013879,0.379646,0.495788,0.013879,0.495594,,,,,
Feb 2024,T1,honest,same_hour_yesterday,,weather_explainable,all,1,48,left,1283,0.382677,0.497054,-0.023051,0.382677,0.497054,-0.023051,0.496519,,,,,
Feb 2024,T1,honest,same_hour_yesterday,,weather_explainable,h1-24,1,24,left,642,0.382516,0.495700,-0.034255,0.382516,0.495700,-0.034255,0.494515,,,,,
Feb 2024,T1,honest,same_hour_yesterday,,weather_explainable,h25-48,25,48,left,641,0.382839,0.498407,-0.011830,0.382839,0.498407,-0.011830,0.498266,,,,,
Feb 2024,T1,honest,zero,,all,all,1,48,left,1392,0.447282,0.588490,-0.447282,0.447282,0.588490,-0.447282,0.382438,,,,,
Feb 2024,T1,honest,zero,,all,h1-24,1,24,left,696,0.454222,0.593359,-0.454222,0.454222,0.593359,-0.454222,0.381782,,,,,
Feb 2024,T1,honest,zero,,all,h25-48,25,48,left,696,0.440342,0.583580,-0.440342,0.440342,0.583580,-0.440342,0.382967,,,,,
Feb 2024,T1,honest,zero,,weather_explainable,all,1,48,left,1283,0.473271,0.610481,-0.473271,0.473271,0.610481,-0.473271,0.385618,,,,,
Feb 2024,T1,honest,zero,,weather_explainable,h1-24,1,24,left,642,0.480447,0.615334,-0.480447,0.480447,0.615334,-0.480447,0.384457,,,,,
Feb 2024,T1,honest,zero,,weather_explainable,h25-48,25,48,left,641,0.466084,0.605581,-0.466084,0.466084,0.605581,-0.466084,0.386644,,,,,
Feb 2025,T1,ceiling,era5_fixed_scada_curve,,all,all,1,48,left,1332,0.224128,0.327540,-0.181131,0.224128,0.327540,-0.181131,0.272900,,,,,
Feb 2025,T1,ceiling,era5_fixed_scada_curve,,all,h1-24,1,24,left,666,0.225398,0.328657,-0.183307,0.225398,0.328657,-0.183307,0.272789,,,,,
Feb 2025,T1,ceiling,era5_fixed_scada_curve,,all,h25-48,25,48,left,666,0.222858,0.326421,-0.178955,0.222858,0.326421,-0.178955,0.272994,,,,,
Feb 2025,T1,ceiling,era5_fixed_scada_curve,,weather_explainable,all,1,48,left,1287,0.227727,0.331702,-0.186615,0.227727,0.331702,-0.186615,0.274228,,,,,
Feb 2025,T1,ceiling,era5_fixed_scada_curve,,weather_explainable,h1-24,1,24,left,643,0.229201,0.332971,-0.188996,0.229201,0.332971,-0.188996,0.274135,,,,,
Feb 2025,T1,ceiling,era5_fixed_scada_curve,,weather_explainable,h25-48,25,48,left,644,0.226255,0.330429,-0.184238,0.226255,0.330429,-0.184238,0.274299,,,,,
Feb 2025,T1,ceiling,era5_linear_mos_lomo,,all,all,1,48,left,1332,0.177287,0.244077,-0.008275,0.177287,0.244077,-0.008275,0.243937,1.099172,1.384947,,,
Feb 2025,T1,ceiling,era5_linear_mos_lomo,,all,h1-24,1,24,left,666,0.176150,0.242828,-0.010619,0.176150,0.242828,-0.010619,0.242596,1.099172,1.384947,,,
Feb 2025,T1,ceiling,era5_linear_mos_lomo,,all,h25-48,25,48,left,666,0.178423,0.245320,-0.005932,0.178423,0.245320,-0.005932,0.245248,1.099172,1.384947,,,
Feb 2025,T1,ceiling,era5_linear_mos_lomo,,weather_explainable,all,1,48,left,1287,0.177542,0.244521,-0.011447,0.177542,0.244521,-0.011447,0.244253,1.099172,1.384947,,,
Feb 2025,T1,ceiling,era5_linear_mos_lomo,,weather_explainable,h1-24,1,24,left,643,0.176499,0.243325,-0.013880,0.176499,0.243325,-0.013880,0.242929,1.099172,1.384947,,,
Feb 2025,T1,ceiling,era5_linear_mos_lomo,,weather_explainable,h25-48,25,48,left,644,0.178583,0.245710,-0.009019,0.178583,0.245710,-0.009019,0.245544,1.099172,1.384947,,,
Feb 2025,T1,ceiling,era5_refit_lomo,,all,all,1,48,left,1332,0.187260,0.245631,0.021114,0.187260,0.245631,0.021114,0.244722,0.661000,5.750000,,,
Feb 2025,T1,ceiling,era5_refit_lomo,,all,h1-24,1,24,left,666,0.185938,0.244200,0.018707,0.185938,0.244200,0.018707,0.243482,0.661000,5.750000,,,
Feb 2025,T1,ceiling,era5_refit_lomo,,all,h25-48,25,48,left,666,0.188581,0.247054,0.023520,0.188581,0.247054,0.023520,0.245932,0.661000,5.750000,,,
Feb 2025,T1,ceiling,era5_refit_lomo,,weather_explainable,all,1,48,left,1287,0.187405,0.245683,0.017603,0.187405,0.245683,0.017603,0.245052,0.661000,5.750000,,,
Feb 2025,T1,ceiling,era5_refit_lomo,,weather_explainable,h1-24,1,24,left,643,0.186167,0.244297,0.015109,0.186167,0.244297,0.015109,0.243829,0.661000,5.750000,,,
Feb 2025,T1,ceiling,era5_refit_lomo,,weather_explainable,h25-48,25,48,left,644,0.188641,0.247060,0.020093,0.188641,0.247060,0.020093,0.246242,0.661000,5.750000,,,
Feb 2025,T1,ceiling,perfect_wind,,all,all,1,48,left,1332,0.029191,0.043706,0.000056,0.029191,0.043706,0.000056,0.043706,,,,,
Feb 2025,T1,ceiling,perfect_wind,,all,h1-24,1,24,left,666,0.029355,0.043826,0.000200,0.029355,0.043826,0.000200,0.043826,,,,,
Feb 2025,T1,ceiling,perfect_wind,,all,h25-48,25,48,left,666,0.029027,0.043586,-0.000088,0.029027,0.043586,-0.000088,0.043586,,,,,
Feb 2025,T1,ceiling,perfect_wind,,weather_explainable,all,1,48,left,1287,0.026146,0.035250,-0.004007,0.026146,0.035250,-0.004007,0.035021,,,,,
Feb 2025,T1,ceiling,perfect_wind,,weather_explainable,h1-24,1,24,left,643,0.026280,0.035361,-0.003917,0.026280,0.035361,-0.003917,0.035143,,,,,
Feb 2025,T1,ceiling,perfect_wind,,weather_explainable,h25-48,25,48,left,644,0.026012,0.035138,-0.004097,0.026012,0.035138,-0.004097,0.034898,,,,,
Feb 2025,T1,honest,constant_median,,all,all,1,48,left,1332,0.303714,0.375478,-0.101987,0.303714,0.375478,-0.101987,0.361362,,,,,
Feb 2025,T1,honest,constant_median,,all,h1-24,1,24,left,666,0.304915,0.376731,-0.104354,0.304915,0.376731,-0.104354,0.361989,,,,,
Feb 2025,T1,honest,constant_median,,all,h25-48,25,48,left,666,0.302513,0.374222,-0.099620,0.302513,0.374222,-0.099620,0.360719,,,,,
Feb 2025,T1,honest,constant_median,,weather_explainable,all,1,48,left,1287,0.308065,0.380287,-0.110339,0.308065,0.380287,-0.110339,0.363928,,,,,
Feb 2025,T1,honest,constant_median,,weather_explainable,h1-24,1,24,left,643,0.309383,0.381669,-0.113043,0.309383,0.381669,-0.113043,0.364545,,,,,
Feb 2025,T1,honest,constant_median,,weather_explainable,h25-48,25,48,left,644,0.306749,0.378902,-0.107640,0.306749,0.378902,-0.107640,0.363291,,,,,
Feb 2025,T1,honest,madsen_new_reference,,all,all,1,48,left,1332,0.326096,0.362385,0.084738,0.326096,0.362385,0.084738,0.352339,,,,,
Feb 2025,T1,honest,madsen_new_reference,,all,h1-24,1,24,left,666,0.309765,0.351493,0.069060,0.309765,0.351493,0.069060,0.344642,,,,,
Feb 2025,T1,honest,madsen_new_reference,,all,h25-48,25,48,left,666,0.342428,0.372960,0.100416,0.342428,0.372960,0.100416,0.359188,,,,,
Feb 2025,T1,honest,madsen_new_reference,,weather_explainable,all,1,48,left,1287,0.326232,0.363210,0.076590,0.326232,0.363210,0.076590,0.355043,,,,,
Feb 2025,T1,honest,madsen_new_reference,,weather_explainable,h1-24,1,24,left,643,0.309967,0.352672,0.060653,0.309967,0.352672,0.060653,0.347418,,,,,
Feb 2025,T1,honest,madsen_new_reference,,weather_explainable,h25-48,25,48,left,644,0.342471,0.373435,0.092502,0.342471,0.373435,0.092502,0.361797,,,,,
Feb 2025,T1,honest,month_hour_climatology,,all,all,1,48,left,1332,0.342290,0.372691,0.103145,0.342290,0.372691,0.103145,0.358134,,,,,
Feb 2025,T1,honest,month_hour_climatology,,all,h1-24,1,24,left,666,0.343634,0.374028,0.101896,0.343634,0.374028,0.101896,0.359881,,,,,
Feb 2025,T1,honest,month_hour_climatology,,all,h25-48,25,48,left,666,0.340946,0.371350,0.104395,0.340946,0.371350,0.104395,0.356374,,,,,
Feb 2025,T1,honest,month_hour_climatology,,weather_explainable,all,1,48,left,1287,0.342077,0.372928,0.094883,0.342077,0.372928,0.094883,0.360656,,,,,
Feb 2025,T1,honest,month_hour_climatology,,weather_explainable,h1-24,1,24,left,643,0.343396,0.374259,0.093324,0.343396,0.374259,0.093324,0.362437,,,,,
Feb 2025,T1,honest,month_hour_climatology,,weather_explainable,h25-48,25,48,left,644,0.340761,0.371596,0.096440,0.340761,0.371596,0.096440,0.358863,,,,,
Feb 2025,T1,honest,previous_runs_refit_curve,ecmwf_ifs025,all,all,1,48,left,1332,0.208113,0.268243,0.042881,0.208113,0.268243,0.042881,0.264793,0.389000,9.210000,,,
Feb 2025,T1,honest,previous_runs_refit_curve,ecmwf_ifs025,all,h1-24,1,24,left,666,0.213651,0.275397,0.045460,0.213651,0.275397,0.045460,0.271619,0.389000,9.210000,,,
Feb 2025,T1,honest,previous_runs_refit_curve,ecmwf_ifs025,all,h25-48,25,48,left,666,0.202574,0.260893,0.040302,0.202574,0.260893,0.040302,0.257761,0.389000,9.210000,,,
Feb 2025,T1,honest,previous_runs_refit_curve,ecmwf_ifs025,weather_explainable,all,1,48,left,1287,0.208135,0.268288,0.039360,0.208135,0.268288,0.039360,0.265385,0.389000,9.210000,,,
Feb 2025,T1,honest,previous_runs_refit_curve,ecmwf_ifs025,weather_explainable,h1-24,1,24,left,643,0.212368,0.274231,0.040231,0.212368,0.274231,0.040231,0.271263,0.389000,9.210000,,,
Feb 2025,T1,honest,previous_runs_refit_curve,ecmwf_ifs025,weather_explainable,h25-48,25,48,left,644,0.203908,0.262221,0.038490,0.203908,0.262221,0.038490,0.259381,0.389000,9.210000,,,
Feb 2025,T1,honest,previous_runs_refit_curve,icon_global,all,all,1,48,left,1332,0.214717,0.266313,-0.006521,0.214717,0.266313,-0.006521,0.266233,0.405000,7.140000,,,
Feb 2025,T1,honest,previous_runs_refit_curve,icon_global,all,h1-24,1,24,left,666,0.216816,0.265475,0.000496,0.216816,0.265475,0.000496,0.265475,0.405000,7.140000,,,
Feb 2025,T1,honest,previous_runs_refit_curve,icon_global,all,h25-48,25,48,left,666,0.212617,0.267149,-0.013538,0.212617,0.267149,-0.013538,0.266806,0.405000,7.140000,,,
Feb 2025,T1,honest,previous_runs_refit_curve,icon_global,weather_explainable,all,1,48,left,1287,0.215232,0.267641,-0.011739,0.215232,0.267641,-0.011739,0.267384,0.405000,7.140000,,,
Feb 2025,T1,honest,previous_runs_refit_curve,icon_global,weather_explainable,h1-24,1,24,left,643,0.216682,0.266201,-0.005345,0.216682,0.266201,-0.005345,0.266147,0.405000,7.140000,,,
Feb 2025,T1,honest,previous_runs_refit_curve,icon_global,weather_explainable,h25-48,25,48,left,644,0.213784,0.269071,-0.018124,0.213784,0.269071,-0.018124,0.268460,0.405000,7.140000,,,
Feb 2025,T1,honest,same_hour_yesterday,,all,all,1,48,left,1326,0.401024,0.519506,0.004712,0.401024,0.519506,0.004712,0.519484,,,,,
Feb 2025,T1,honest,same_hour_yesterday,,all,h1-24,1,24,left,666,0.402007,0.519156,0.005686,0.402007,0.519156,0.005686,0.519124,,,,,
Feb 2025,T1,honest,same_hour_yesterday,,all,h25-48,25,48,left,660,0.400033,0.519859,0.003730,0.400033,0.519859,0.003730,0.519845,,,,,
Feb 2025,T1,honest,same_hour_yesterday,,weather_explainable,all,1,48,left,1281,0.404723,0.522299,-0.002082,0.404723,0.522299,-0.002082,0.522295,,,,,
Feb 2025,T1,honest,same_hour_yesterday,,weather_explainable,h1-24,1,24,left,643,0.405858,0.522089,-0.001223,0.405858,0.522089,-0.001223,0.522088,,,,,
Feb 2025,T1,honest,same_hour_yesterday,,weather_explainable,h25-48,25,48,left,638,0.403579,0.522512,-0.002947,0.403579,0.522512,-0.002947,0.522503,,,,,
Feb 2025,T1,honest,zero,,all,all,1,48,left,1332,0.349600,0.502523,-0.349600,0.349600,0.502523,-0.349600,0.360983,,,,,
Feb 2025,T1,honest,zero,,all,h1-24,1,24,left,666,0.351967,0.504678,-0.351967,0.351967,0.504678,-0.351967,0.361689,,,,,
Feb 2025,T1,honest,zero,,all,h25-48,25,48,left,666,0.347232,0.500358,-0.347232,0.347232,0.500358,-0.347232,0.360261,,,,,
Feb 2025,T1,honest,zero,,weather_explainable,all,1,48,left,1287,0.357905,0.510175,-0.357905,0.357905,0.510175,-0.357905,0.363569,,,,,
Feb 2025,T1,honest,zero,,weather_explainable,h1-24,1,24,left,643,0.360609,0.512570,-0.360609,0.360609,0.512570,-0.360609,0.364266,,,,,
Feb 2025,T1,honest,zero,,weather_explainable,h25-48,25,48,left,644,0.355204,0.507772,-0.355204,0.355204,0.507772,-0.355204,0.362853,,,,,
Jan 2026,T1,ceiling,era5_fixed_scada_curve,,all,all,1,48,left,1440,0.197777,0.290302,-0.152672,0.197777,0.290302,-0.152672,0.246915,,,,,
Jan 2026,T1,ceiling,era5_fixed_scada_curve,,all,h1-24,1,24,left,720,0.194544,0.286645,-0.147981,0.194544,0.286645,-0.147981,0.245493,,,,,
Jan 2026,T1,ceiling,era5_fixed_scada_curve,,all,h25-48,25,48,left,720,0.201011,0.293915,-0.157362,0.201011,0.293915,-0.157362,0.248240,,,,,
Jan 2026,T1,ceiling,era5_fixed_scada_curve,,weather_explainable,all,1,48,left,1321,0.205598,0.299289,-0.169766,0.205598,0.299289,-0.169766,0.246482,,,,,
Jan 2026,T1,ceiling,era5_fixed_scada_curve,,weather_explainable,h1-24,1,24,left,661,0.202064,0.295355,-0.164672,0.202064,0.295355,-0.164672,0.245189,,,,,
Jan 2026,T1,ceiling,era5_fixed_scada_curve,,weather_explainable,h25-48,25,48,left,660,0.209137,0.303178,-0.174868,0.209137,0.303178,-0.174868,0.247665,,,,,
Jan 2026,T1,ceiling,era5_linear_mos_lomo,,all,all,1,48,left,1440,0.162499,0.231421,0.002172,0.162499,0.231421,0.002172,0.231411,1.099991,1.380938,,,
Jan 2026,T1,ceiling,era5_linear_mos_lomo,,all,h1-24,1,24,left,720,0.160331,0.230306,0.004685,0.160331,0.230306,0.004685,0.230258,1.099991,1.380938,,,
Jan 2026,T1,ceiling,era5_linear_mos_lomo,,all,h25-48,25,48,left,720,0.164667,0.232531,-0.000342,0.164667,0.232531,-0.000342,0.232531,1.099991,1.380938,,,
Jan 2026,T1,ceiling,era5_linear_mos_lomo,,weather_explainable,all,1,48,left,1321,0.158783,0.223267,-0.012953,0.158783,0.223267,-0.012953,0.222891,1.099991,1.380938,,,
Jan 2026,T1,ceiling,era5_linear_mos_lomo,,weather_explainable,h1-24,1,24,left,661,0.156442,0.221981,-0.010345,0.156442,0.221981,-0.010345,0.221740,1.099991,1.380938,,,
Jan 2026,T1,ceiling,era5_linear_mos_lomo,,weather_explainable,h25-48,25,48,left,660,0.161128,0.224547,-0.015564,0.161128,0.224547,-0.015564,0.224007,1.099991,1.380938,,,
Jan 2026,T1,ceiling,era5_refit_lomo,,all,all,1,48,left,1440,0.169631,0.230943,0.031064,0.169631,0.230943,0.031064,0.228844,0.677000,5.730000,,,
Jan 2026,T1,ceiling,era5_refit_lomo,,all,h1-24,1,24,left,720,0.167845,0.230059,0.033521,0.167845,0.230059,0.033521,0.227604,0.677000,5.730000,,,
Jan 2026,T1,ceiling,era5_refit_lomo,,all,h25-48,25,48,left,720,0.171417,0.231823,0.028608,0.171417,0.231823,0.028608,0.230051,0.677000,5.730000,,,
Jan 2026,T1,ceiling,era5_refit_lomo,,weather_explainable,all,1,48,left,1321,0.165332,0.221817,0.016085,0.165332,0.221817,0.016085,0.221233,0.677000,5.730000,,,
Jan 2026,T1,ceiling,era5_refit_lomo,,weather_explainable,h1-24,1,24,left,661,0.163393,0.220781,0.018618,0.163393,0.220781,0.018618,0.219994,0.677000,5.730000,,,
Jan 2026,T1,ceiling,era5_refit_lomo,,weather_explainable,h25-48,25,48,left,660,0.167275,0.222849,0.013548,0.167275,0.222849,0.013548,0.222437,0.677000,5.730000,,,
Jan 2026,T1,ceiling,perfect_wind,,all,all,1,48,left,1440,0.030354,0.053658,0.006324,0.030354,0.053658,0.006324,0.053284,,,,,
Jan 2026,T1,ceiling,perfect_wind,,all,h1-24,1,24,left,720,0.030233,0.053572,0.006664,0.030233,0.053572,0.006664,0.053156,,,,,
Jan 2026,T1,ceiling,perfect_wind,,all,h25-48,25,48,left,720,0.030475,0.053743,0.005984,0.030475,0.053743,0.005984,0.053408,,,,,
Jan 2026,T1,ceiling,perfect_wind,,weather_explainable,all,1,48,left,1321,0.023443,0.032440,-0.002727,0.023443,0.032440,-0.002727,0.032326,,,,,
Jan 2026,T1,ceiling,perfect_wind,,weather_explainable,h1-24,1,24,left,661,0.023334,0.032308,-0.002314,0.023334,0.032308,-0.002314,0.032225,,,,,
Jan 2026,T1,ceiling,perfect_wind,,weather_explainable,h25-48,25,48,left,660,0.023552,0.032572,-0.003141,0.023552,0.032572,-0.003141,0.032420,,,,,
Jan 2026,T1,honest,constant_median,,all,all,1,48,left,1440,0.271079,0.344327,-0.076157,0.271079,0.344327,-0.076157,0.335799,,,,,
Jan 2026,T1,honest,constant_median,,all,h1-24,1,24,left,720,0.270363,0.343214,-0.073081,0.270363,0.343214,-0.073081,0.335343,,,,,
Jan 2026,T1,honest,constant_median,,all,h25-48,25,48,left,720,0.271794,0.345436,-0.079234,0.271794,0.345436,-0.079234,0.336226,,,,,
Jan 2026,T1,honest,constant_median,,weather_explainable,all,1,48,left,1321,0.280307,0.355186,-0.095500,0.280307,0.355186,-0.095500,0.342107,,,,,
Jan 2026,T1,honest,constant_median,,weather_explainable,h1-24,1,24,left,661,0.279342,0.353878,-0.092050,0.279342,0.353878,-0.092050,0.341696,,,,,
Jan 2026,T1,honest,constant_median,,weather_explainable,h25-48,25,48,left,660,0.281273,0.356492,-0.098955,0.281273,0.356492,-0.098955,0.342483,,,,,
Jan 2026,T1,honest,madsen_new_reference,,all,all,1,48,left,1440,0.289581,0.332380,0.075762,0.289581,0.332380,0.075762,0.323631,,,,,
Jan 2026,T1,honest,madsen_new_reference,,all,h1-24,1,24,left,720,0.276041,0.323016,0.075745,0.276041,0.323016,0.075745,0.314009,,,,,
Jan 2026,T1,honest,madsen_new_reference,,all,h25-48,25,48,left,720,0.303121,0.341488,0.075779,0.303121,0.341488,0.075779,0.332974,,,,,
Jan 2026,T1,honest,madsen_new_reference,,weather_explainable,all,1,48,left,1321,0.290376,0.334868,0.058738,0.290376,0.334868,0.058738,0.329677,,,,,
Jan 2026,T1,honest,madsen_new_reference,,weather_explainable,h1-24,1,24,left,661,0.278167,0.326551,0.061745,0.278167,0.326551,0.061745,0.320660,,,,,
Jan 2026,T1,honest,madsen_new_reference,,weather_explainable,h25-48,25,48,left,660,0.302603,0.342996,0.055726,0.302603,0.342996,0.055726,0.338439,,,,,
Jan 2026,T1,honest,month_hour_climatology,,all,all,1,48,left,1440,0.304434,0.342943,0.080186,0.304434,0.342943,0.080186,0.333437,,,,,
Jan 2026,T1,honest,month_hour_climatology,,all,h1-24,1,24,left,720,0.305536,0.344180,0.083263,0.305536,0.344180,0.083263,0.333957,,,,,
Jan 2026,T1,honest,month_hour_climatology,,all,h25-48,25,48,left,720,0.303331,0.341702,0.077110,0.303331,0.341702,0.077110,0.332888,,,,,
Jan 2026,T1,honest,month_hour_climatology,,weather_explainable,all,1,48,left,1321,0.304210,0.344779,0.060930,0.304210,0.344779,0.060930,0.339352,,,,,
Jan 2026,T1,honest,month_hour_climatology,,weather_explainable,h1-24,1,24,left,661,0.305309,0.346020,0.064364,0.305309,0.346020,0.064364,0.339982,,,,,
Jan 2026,T1,honest,month_hour_climatology,,weather_explainable,h25-48,25,48,left,660,0.303109,0.343531,0.057492,0.303109,0.343531,0.057492,0.338686,,,,,
Jan 2026,T1,honest,previous_runs_refit_curve,ecmwf_ifs025,all,all,1,48,left,1440,0.207634,0.263091,0.102722,0.207634,0.263091,0.102722,0.242209,0.372000,9.085000,,,
Jan 2026,T1,honest,previous_runs_refit_curve,ecmwf_ifs025,all,h1-24,1,24,left,720,0.198871,0.253304,0.098953,0.198871,0.253304,0.098953,0.233177,0.372000,9.085000,,,
Jan 2026,T1,honest,previous_runs_refit_curve,ecmwf_ifs025,all,h25-48,25,48,left,720,0.216397,0.272526,0.106491,0.216397,0.272526,0.106491,0.250859,0.372000,9.085000,,,
Jan 2026,T1,honest,previous_runs_refit_curve,ecmwf_ifs025,weather_explainable,all,1,48,left,1321,0.212670,0.267987,0.101343,0.212670,0.267987,0.101343,0.248086,0.372000,9.085000,,,
Jan 2026,T1,honest,previous_runs_refit_curve,ecmwf_ifs025,weather_explainable,h1-24,1,24,left,661,0.203204,0.257928,0.096415,0.203204,0.257928,0.096415,0.239230,0.372000,9.085000,,,
Jan 2026,T1,honest,previous_runs_refit_curve,ecmwf_ifs025,weather_explainable,h25-48,25,48,left,660,0.222150,0.277697,0.106279,0.222150,0.277697,0.106279,0.256554,0.372000,9.085000,,,
Jan 2026,T1,honest,previous_runs_refit_curve,icon_global,all,all,1,48,left,1440,0.213107,0.271474,0.122936,0.213107,0.271474,0.122936,0.242043,0.367000,7.595000,,,
Jan 2026,T1,honest,previous_runs_refit_curve,icon_global,all,h1-24,1,24,left,720,0.203179,0.256993,0.127120,0.203179,0.256993,0.127120,0.223351,0.367000,7.595000,,,
Jan 2026,T1,honest,previous_runs_refit_curve,icon_global,all,h25-48,25,48,left,720,0.223034,0.285221,0.118751,0.223034,0.285221,0.118751,0.259325,0.367000,7.595000,,,
Jan 2026,T1,honest,previous_runs_refit_curve,icon_global,weather_explainable,all,1,48,left,1321,0.207942,0.266105,0.109891,0.207942,0.266105,0.109891,0.242355,0.367000,7.595000,,,
Jan 2026,T1,honest,previous_runs_refit_curve,icon_global,weather_explainable,h1-24,1,24,left,661,0.195244,0.248021,0.112419,0.195244,0.248021,0.112419,0.221080,0.367000,7.595000,,,
Jan 2026,T1,honest,previous_runs_refit_curve,icon_global,weather_explainable,h25-48,25,48,left,660,0.220659,0.283061,0.107359,0.220659,0.283061,0.107359,0.261912,0.367000,7.595000,,,
Jan 2026,T1,honest,same_hour_yesterday,,all,all,1,48,left,1440,0.390516,0.507609,-0.012694,0.390516,0.507609,-0.012694,0.507450,,,,,
Jan 2026,T1,honest,same_hour_yesterday,,all,h1-24,1,24,left,720,0.391190,0.509012,-0.019236,0.391190,0.509012,-0.019236,0.508649,,,,,
Jan 2026,T1,honest,same_hour_yesterday,,all,h25-48,25,48,left,720,0.389843,0.506202,-0.006153,0.389843,0.506202,-0.006153,0.506165,,,,,
Jan 2026,T1,honest,same_hour_yesterday,,weather_explainable,all,1,48,left,1321,0.395553,0.510608,-0.036564,0.395553,0.510608,-0.036564,0.509297,,,,,
Jan 2026,T1,honest,same_hour_yesterday,,weather_explainable,h1-24,1,24,left,661,0.396021,0.511936,-0.043696,0.396021,0.511936,-0.043696,0.510067,,,,,
Jan 2026,T1,honest,same_hour_yesterday,,weather_explainable,h25-48,25,48,left,660,0.395083,0.509274,-0.029422,0.395083,0.509274,-0.029422,0.508424,,,,,
Jan 2026,T1,honest,zero,,all,all,1,48,left,1440,0.313185,0.459050,-0.313185,0.313185,0.459050,-0.313185,0.335622,,,,,
Jan 2026,T1,honest,zero,,all,h1-24,1,24,left,720,0.310109,0.456602,-0.310109,0.310109,0.456602,-0.310109,0.335138,,,,,
Jan 2026,T1,honest,zero,,all,h25-48,25,48,left,720,0.316262,0.461486,-0.316262,0.316262,0.461486,-0.316262,0.336077,,,,,
Jan 2026,T1,honest,zero,,weather_explainable,all,1,48,left,1321,0.332566,0.476959,-0.332566,0.332566,0.476959,-0.332566,0.341891,,,,,
Jan 2026,T1,honest,zero,,weather_explainable,h1-24,1,24,left,661,0.329115,0.474243,-0.329115,0.329115,0.474243,-0.329115,0.341452,,,,,
Jan 2026,T1,honest,zero,,weather_explainable,h25-48,25,48,left,660,0.336023,0.479664,-0.336023,0.336023,0.479664,-0.336023,0.342296,,,,,
Feb 2024,T2,ceiling,era5_fixed_scada_curve,,all,all,1,48,left,1330,0.289676,0.392223,-0.252655,0.289676,0.392223,-0.252655,0.300007,,,,,
Feb 2024,T2,ceiling,era5_fixed_scada_curve,,all,h1-24,1,24,left,665,0.296040,0.397844,-0.258792,0.296040,0.397844,-0.258792,0.302169,,,,,
Feb 2024,T2,ceiling,era5_fixed_scada_curve,,all,h25-48,25,48,left,665,0.283311,0.386520,-0.246518,0.283311,0.386520,-0.246518,0.297703,,,,,
Feb 2024,T2,ceiling,era5_fixed_scada_curve,,weather_explainable,all,1,48,left,1182,0.307127,0.408616,-0.290547,0.307127,0.408616,-0.290547,0.287315,,,,,
Feb 2024,T2,ceiling,era5_fixed_scada_curve,,weather_explainable,h1-24,1,24,left,591,0.314383,0.414705,-0.297593,0.314383,0.414705,-0.297593,0.288823,,,,,
Feb 2024,T2,ceiling,era5_fixed_scada_curve,,weather_explainable,h25-48,25,48,left,591,0.299871,0.402436,-0.283502,0.299871,0.402436,-0.283502,0.285625,,,,,
Feb 2024,T2,ceiling,era5_linear_mos_lomo,,all,all,1,48,left,1330,0.205735,0.278295,-0.066624,0.205735,0.278295,-0.066624,0.270203,1.105159,1.361926,,,
Feb 2024,T2,ceiling,era5_linear_mos_lomo,,all,h1-24,1,24,left,665,0.209671,0.282614,-0.071336,0.209671,0.282614,-0.071336,0.273463,1.105159,1.361926,,,
Feb 2024,T2,ceiling,era5_linear_mos_lomo,,all,h25-48,25,48,left,665,0.201799,0.273908,-0.061911,0.201799,0.273908,-0.061911,0.266820,1.105159,1.361926,,,
Feb 2024,T2,ceiling,era5_linear_mos_lomo,,weather_explainable,all,1,48,left,1182,0.196288,0.264619,-0.103316,0.196288,0.264619,-0.103316,0.243617,1.105159,1.361926,,,
Feb 2024,T2,ceiling,era5_linear_mos_lomo,,weather_explainable,h1-24,1,24,left,591,0.200739,0.269730,-0.108803,0.200739,0.269730,-0.108803,0.246812,1.105159,1.361926,,,
Feb 2024,T2,ceiling,era5_linear_mos_lomo,,weather_explainable,h25-48,25,48,left,591,0.191837,0.259408,-0.097829,0.191837,0.259408,-0.097829,0.240254,1.105159,1.361926,,,
Feb 2024,T2,ceiling,era5_refit_lomo,,all,all,1,48,left,1330,0.209117,0.271341,-0.041434,0.209117,0.271341,-0.041434,0.268159,0.652000,5.850000,,,
Feb 2024,T2,ceiling,era5_refit_lomo,,all,h1-24,1,24,left,665,0.212544,0.274912,-0.046065,0.212544,0.274912,-0.046065,0.271025,0.652000,5.850000,,,
Feb 2024,T2,ceiling,era5_refit_lomo,,all,h25-48,25,48,left,665,0.205690,0.267722,-0.036803,0.205690,0.267722,-0.036803,0.265181,0.652000,5.850000,,,
Feb 2024,T2,ceiling,era5_refit_lomo,,weather_explainable,all,1,48,left,1182,0.198612,0.256652,-0.077919,0.198612,0.256652,-0.077919,0.244538,0.652000,5.850000,,,
Feb 2024,T2,ceiling,era5_refit_lomo,,weather_explainable,h1-24,1,24,left,591,0.202430,0.260876,-0.083333,0.202430,0.260876,-0.083333,0.247208,0.652000,5.850000,,,
Feb 2024,T2,ceiling,era5_refit_lomo,,weather_explainable,h25-48,25,48,left,591,0.194793,0.252357,-0.072504,0.194793,0.252357,-0.072504,0.241717,0.652000,5.850000,,,
Feb 2024,T2,ceiling,perfect_wind,,all,all,1,48,left,1330,0.037203,0.057725,0.005705,0.037203,0.057725,0.005705,0.057443,,,,,
Feb 2024,T2,ceiling,perfect_wind,,all,h1-24,1,24,left,665,0.036979,0.057637,0.004965,0.036979,0.057637,0.004965,0.057422,,,,,
Feb 2024,T2,ceiling,perfect_wind,,all,h25-48,25,48,left,665,0.037426,0.057814,0.006444,0.037426,0.057814,0.006444,0.057454,,,,,
Feb 2024,T2,ceiling,perfect_wind,,weather_explainable,all,1,48,left,1182,0.029664,0.037164,-0.005778,0.029664,0.037164,-0.005778,0.036712,,,,,
Feb 2024,T2,ceiling,perfect_wind,,weather_explainable,h1-24,1,24,left,591,0.029449,0.037041,-0.006573,0.029449,0.037041,-0.006573,0.036453,,,,,
Feb 2024,T2,ceiling,perfect_wind,,weather_explainable,h25-48,25,48,left,591,0.029880,0.037287,-0.004982,0.029880,0.037287,-0.004982,0.036952,,,,,
Feb 2024,T2,honest,constant_median,,all,all,1,48,left,1330,0.334232,0.414819,-0.171970,0.334232,0.414819,-0.171970,0.377493,,,,,
Feb 2024,T2,honest,constant_median,,all,h1-24,1,24,left,665,0.337902,0.417766,-0.179471,0.337902,0.417766,-0.179471,0.377252,,,,,
Feb 2024,T2,honest,constant_median,,all,h25-48,25,48,left,665,0.330561,0.411850,-0.164469,0.330561,0.411850,-0.164469,0.377586,,,,,
Feb 2024,T2,honest,constant_median,,weather_explainable,all,1,48,left,1182,0.357580,0.435831,-0.207692,0.357580,0.435831,-0.207692,0.383161,,,,,
Feb 2024,T2,honest,constant_median,,weather_explainable,h1-24,1,24,left,591,0.361614,0.438954,-0.216248,0.361614,0.438954,-0.216248,0.381991,,,,,
Feb 2024,T2,honest,constant_median,,weather_explainable,h25-48,25,48,left,591,0.353545,0.432685,-0.199137,0.353545,0.432685,-0.199137,0.384137,,,,,
Feb 2024,T2,honest,madsen_new_reference,,all,all,1,48,left,1330,0.319250,0.361785,-0.038252,0.319250,0.361785,-0.038252,0.359757,,,,,
Feb 2024,T2,honest,madsen_new_reference,,all,h1-24,1,24,left,665,0.299080,0.343588,-0.037690,0.299080,0.343588,-0.037690,0.341514,,,,,
Feb 2024,T2,honest,madsen_new_reference,,all,h25-48,25,48,left,665,0.339421,0.379110,-0.038814,0.339421,0.379110,-0.038814,0.377118,,,,,
Feb 2024,T2,honest,madsen_new_reference,,weather_explainable,all,1,48,left,1182,0.330839,0.373356,-0.069461,0.330839,0.373356,-0.069461,0.366838,,,,,
Feb 2024,T2,honest,madsen_new_reference,,weather_explainable,h1-24,1,24,left,591,0.311269,0.355164,-0.065463,0.311269,0.355164,-0.065463,0.349078,,,,,
Feb 2024,T2,honest,madsen_new_reference,,weather_explainable,h25-48,25,48,left,591,0.350410,0.390702,-0.073458,0.350410,0.390702,-0.073458,0.383734,,,,,
Feb 2024,T2,honest,month_hour_climatology,,all,all,1,48,left,1330,0.338525,0.379156,-0.047019,0.338525,0.379156,-0.047019,0.376229,,,,,
Feb 2024,T2,honest,month_hour_climatology,,all,h1-24,1,24,left,665,0.339710,0.380477,-0.053849,0.339710,0.380477,-0.053849,0.376647,,,,,
Feb 2024,T2,honest,month_hour_climatology,,all,h25-48,25,48,left,665,0.337340,0.377830,-0.040189,0.337340,0.377830,-0.040189,0.375686,,,,,
Feb 2024,T2,honest,month_hour_climatology,,weather_explainable,all,1,48,left,1182,0.349893,0.390975,-0.082182,0.349893,0.390975,-0.082182,0.382241,,,,,
Feb 2024,T2,honest,month_hour_climatology,,weather_explainable,h1-24,1,24,left,591,0.351067,0.392319,-0.090027,0.351067,0.392319,-0.090027,0.381850,,,,,
Feb 2024,T2,honest,month_hour_climatology,,weather_explainable,h25-48,25,48,left,591,0.348720,0.389627,-0.074337,0.348720,0.389627,-0.074337,0.382470,,,,,
Feb 2024,T2,honest,same_hour_yesterday,,all,all,1,48,left,1282,0.369275,0.483731,0.026417,0.369275,0.483731,0.026417,0.483009,,,,,
Feb 2024,T2,honest,same_hour_yesterday,,all,h1-24,1,24,left,641,0.369659,0.482893,0.014912,0.369659,0.482893,0.014912,0.482662,,,,,
Feb 2024,T2,honest,same_hour_yesterday,,all,h25-48,25,48,left,641,0.368890,0.484568,0.037923,0.368890,0.484568,0.037923,0.483082,,,,,
Feb 2024,T2,honest,same_hour_yesterday,,weather_explainable,all,1,48,left,1134,0.379381,0.491426,-0.002856,0.379381,0.491426,-0.002856,0.491418,,,,,
Feb 2024,T2,honest,same_hour_yesterday,,weather_explainable,h1-24,1,24,left,567,0.379903,0.490509,-0.016023,0.379903,0.490509,-0.016023,0.490247,,,,,
Feb 2024,T2,honest,same_hour_yesterday,,weather_explainable,h25-48,25,48,left,567,0.378859,0.492342,0.010312,0.378859,0.492342,0.010312,0.492234,,,,,
Feb 2024,T2,honest,zero,,all,all,1,48,left,1330,0.426484,0.569030,-0.426484,0.426484,0.569030,-0.426484,0.376706,,,,,
Feb 2024,T2,honest,zero,,all,h1-24,1,24,left,665,0.433985,0.574540,-0.433985,0.433985,0.574540,-0.433985,0.376501,,,,,
Feb 2024,T2,honest,zero,,all,h25-48,25,48,left,665,0.418982,0.563467,-0.418982,0.418982,0.563467,-0.418982,0.376761,,,,,
Feb 2024,T2,honest,zero,,weather_explainable,all,1,48,left,1182,0.461953,0.599745,-0.461953,0.461953,0.599745,-0.461953,0.382483,,,,,
Feb 2024,T2,honest,zero,,weather_explainable,h1-24,1,24,left,591,0.470513,0.605641,-0.470513,0.470513,0.605641,-0.470513,0.381338,,,,,
Feb 2024,T2,honest,zero,,weather_explainable,h25-48,25,48,left,591,0.453393,0.593789,-0.453393,0.453393,0.593789,-0.453393,0.383433,,,,,
Feb 2025,T2,ceiling,era5_fixed_scada_curve,,all,all,1,48,left,1332,0.220881,0.328592,-0.150384,0.220881,0.328592,-0.150384,0.292160,,,,,
Feb 2025,T2,ceiling,era5_fixed_scada_curve,,all,h1-24,1,24,left,666,0.222252,0.329830,-0.152614,0.222252,0.329830,-0.152614,0.292399,,,,,
Feb 2025,T2,ceiling,era5_fixed_scada_curve,,all,h25-48,25,48,left,666,0.219510,0.327350,-0.148154,0.219510,0.327350,-0.148154,0.291905,,,,,
Feb 2025,T2,ceiling,era5_fixed_scada_curve,,weather_explainable,all,1,48,left,1199,0.221365,0.330662,-0.180477,0.221365,0.330662,-0.180477,0.277066,,,,,
Feb 2025,T2,ceiling,era5_fixed_scada_curve,,weather_explainable,h1-24,1,24,left,598,0.223427,0.332444,-0.183393,0.223427,0.332444,-0.183393,0.277283,,,,,
Feb 2025,T2,ceiling,era5_fixed_scada_curve,,weather_explainable,h25-48,25,48,left,601,0.219313,0.328879,-0.177575,0.219313,0.328879,-0.177575,0.276819,,,,,
Feb 2025,T2,ceiling,era5_linear_mos_lomo,,all,all,1,48,left,1332,0.199742,0.282278,0.028974,0.199742,0.282278,0.028974,0.280787,1.119871,1.371292,,,
Feb 2025,T2,ceiling,era5_linear_mos_lomo,,all,h1-24,1,24,left,666,0.198554,0.281164,0.026580,0.198554,0.281164,0.026580,0.279905,1.119871,1.371292,,,
Feb 2025,T2,ceiling,era5_linear_mos_lomo,,all,h25-48,25,48,left,666,0.200929,0.283388,0.031369,0.200929,0.283388,0.031369,0.281646,1.119871,1.371292,,,
Feb 2025,T2,ceiling,era5_linear_mos_lomo,,weather_explainable,all,1,48,left,1199,0.179967,0.249055,-0.004447,0.179967,0.249055,-0.004447,0.249015,1.119871,1.371292,,,
Feb 2025,T2,ceiling,era5_linear_mos_lomo,,weather_explainable,h1-24,1,24,left,598,0.179064,0.247961,-0.007157,0.179064,0.247961,-0.007157,0.247858,1.119871,1.371292,,,
Feb 2025,T2,ceiling,era5_linear_mos_lomo,,weather_explainable,h25-48,25,48,left,601,0.180866,0.250139,-0.001750,0.180866,0.250139,-0.001750,0.250133,1.119871,1.371292,,,
Feb 2025,T2,ceiling,era5_refit_lomo,,all,all,1,48,left,1332,0.209702,0.282481,0.056728,0.209702,0.282481,0.056728,0.276726,0.666000,5.750000,,,
Feb 2025,T2,ceiling,era5_refit_lomo,,all,h1-24,1,24,left,666,0.208347,0.281221,0.054273,0.208347,0.281221,0.054273,0.275935,0.666000,5.750000,,,
Feb 2025,T2,ceiling,era5_refit_lomo,,all,h25-48,25,48,left,666,0.211057,0.283735,0.059183,0.211057,0.283735,0.059183,0.277494,0.666000,5.750000,,,
Feb 2025,T2,ceiling,era5_refit_lomo,,weather_explainable,all,1,48,left,1199,0.190211,0.250203,0.024506,0.190211,0.250203,0.024506,0.249000,0.666000,5.750000,,,
Feb 2025,T2,ceiling,era5_refit_lomo,,weather_explainable,h1-24,1,24,left,598,0.189083,0.248926,0.021737,0.189083,0.248926,0.021737,0.247976,0.666000,5.750000,,,
Feb 2025,T2,ceiling,era5_refit_lomo,,weather_explainable,h25-48,25,48,left,601,0.191334,0.251468,0.027262,0.191334,0.251468,0.027262,0.249986,0.666000,5.750000,,,
Feb 2025,T2,ceiling,perfect_wind,,all,all,1,48,left,1332,0.051510,0.125027,0.029962,0.051510,0.125027,0.029962,0.121384,,,,,
Feb 2025,T2,ceiling,perfect_wind,,all,h1-24,1,24,left,666,0.051664,0.125078,0.030090,0.051664,0.125078,0.030090,0.121405,,,,,
Feb 2025,T2,ceiling,perfect_wind,,all,h25-48,25,48,left,666,0.051355,0.124975,0.029835,0.051355,0.124975,0.029835,0.121362,,,,,
Feb 2025,T2,ceiling,perfect_wind,,weather_explainable,all,1,48,left,1199,0.024981,0.034780,0.001044,0.024981,0.034780,0.001044,0.034764,,,,,
Feb 2025,T2,ceiling,perfect_wind,,weather_explainable,h1-24,1,24,left,598,0.025053,0.034869,0.001026,0.025053,0.034869,0.001026,0.034854,,,,,
Feb 2025,T2,ceiling,perfect_wind,,weather_explainable,h25-48,25,48,left,601,0.024910,0.034690,0.001062,0.024910,0.034690,0.001062,0.034674,,,,,
Feb 2025,T2,honest,constant_median,,all,all,1,48,left,1332,0.282396,0.355868,-0.080473,0.282396,0.355868,-0.080473,0.346650,,,,,
Feb 2025,T2,honest,constant_median,,all,h1-24,1,24,left,666,0.283821,0.357436,-0.082883,0.283821,0.357436,-0.082883,0.347694,,,,,
Feb 2025,T2,honest,constant_median,,all,h25-48,25,48,left,666,0.280971,0.354293,-0.078063,0.280971,0.354293,-0.078063,0.345586,,,,,
Feb 2025,T2,honest,constant_median,,weather_explainable,all,1,48,left,1199,0.292387,0.368956,-0.101866,0.292387,0.368956,-0.101866,0.354615,,,,,
Feb 2025,T2,honest,constant_median,,weather_explainable,h1-24,1,24,left,598,0.294178,0.370949,-0.105340,0.294178,0.370949,-0.105340,0.355678,,,,,
Feb 2025,T2,honest,constant_median,,weather_explainable,h25-48,25,48,left,601,0.290606,0.366961,-0.098410,0.290606,0.366961,-0.098410,0.353520,,,,,
Feb 2025,T2,honest,madsen_new_reference,,all,all,1,48,left,1332,0.314588,0.353168,0.097776,0.314588,0.353168,0.097776,0.339363,,,,,
Feb 2025,T2,honest,madsen_new_reference,,all,h1-24,1,24,left,666,0.300201,0.343333,0.080179,0.300201,0.343333,0.080179,0.333839,,,,,
Feb 2025,T2,honest,madsen_new_reference,,all,h25-48,25,48,left,666,0.328974,0.362736,0.115372,0.328974,0.362736,0.115372,0.343899,,,,,
Feb 2025,T2,honest,madsen_new_reference,,weather_explainable,all,1,48,left,1199,0.317299,0.356445,0.079551,0.317299,0.356445,0.079551,0.347455,,,,,
Feb 2025,T2,honest,madsen_new_reference,,weather_explainable,h1-24,1,24,left,598,0.303594,0.347857,0.062973,0.303594,0.347857,0.062973,0.342110,,,,,
Feb 2025,T2,honest,madsen_new_reference,,weather_explainable,h25-48,25,48,left,601,0.330936,0.364790,0.096046,0.330936,0.364790,0.096046,0.351919,,,,,
Feb 2025,T2,honest,month_hour_climatology,,all,all,1,48,left,1332,0.329979,0.363374,0.119670,0.329979,0.363374,0.119670,0.343103,,,,,
Feb 2025,T2,honest,month_hour_climatology,,all,h1-24,1,24,left,666,0.331256,0.364697,0.118073,0.331256,0.364697,0.118073,0.345054,,,,,
Feb 2025,T2,honest,month_hour_climatology,,all,h25-48,25,48,left,666,0.328701,0.362046,0.121267,0.328701,0.362046,0.121267,0.341133,,,,,
Feb 2025,T2,honest,month_hour_climatology,,weather_explainable,all,1,48,left,1199,0.331037,0.364530,0.098931,0.331037,0.364530,0.098931,0.350849,,,,,
Feb 2025,T2,honest,month_hour_climatology,,weather_explainable,h1-24,1,24,left,598,0.332246,0.365861,0.096358,0.332246,0.365861,0.096358,0.352943,,,,,
Feb 2025,T2,honest,month_hour_climatology,,weather_explainable,h25-48,25,48,left,601,0.329833,0.363201,0.101492,0.329833,0.363201,0.101492,0.348733,,,,,
Feb 2025,T2,honest,previous_runs_refit_curve,ecmwf_ifs025,all,all,1,48,left,1332,0.228907,0.296803,0.074022,0.228907,0.296803,0.074022,0.287425,0.374000,9.310000,,,
Feb 2025,T2,honest,previous_runs_refit_curve,ecmwf_ifs025,all,h1-24,1,24,left,666,0.234458,0.303274,0.076443,0.234458,0.303274,0.076443,0.293482,0.374000,9.310000,,,
Feb 2025,T2,honest,previous_runs_refit_curve,ecmwf_ifs025,all,h25-48,25,48,left,666,0.223356,0.290188,0.071601,0.223356,0.290188,0.071601,0.281216,0.374000,9.310000,,,
Feb 2025,T2,honest,previous_runs_refit_curve,ecmwf_ifs025,weather_explainable,all,1,48,left,1199,0.212645,0.271611,0.044068,0.212645,0.271611,0.044068,0.268012,0.374000,9.310000,,,
Feb 2025,T2,honest,previous_runs_refit_curve,ecmwf_ifs025,weather_explainable,h1-24,1,24,left,598,0.217361,0.278098,0.044763,0.217361,0.278098,0.044763,0.274472,0.374000,9.310000,,,
Feb 2025,T2,honest,previous_runs_refit_curve,ecmwf_ifs025,weather_explainable,h25-48,25,48,left,601,0.207953,0.264999,0.043375,0.207953,0.264999,0.043375,0.261425,0.374000,9.310000,,,
Feb 2025,T2,honest,previous_runs_refit_curve,icon_global,all,all,1,48,left,1332,0.219962,0.278121,0.016019,0.219962,0.278121,0.016019,0.277659,0.389000,7.390000,,,
Feb 2025,T2,honest,previous_runs_refit_curve,icon_global,all,h1-24,1,24,left,666,0.223177,0.279753,0.022488,0.223177,0.279753,0.022488,0.278848,0.389000,7.390000,,,
Feb 2025,T2,honest,previous_runs_refit_curve,icon_global,all,h25-48,25,48,left,666,0.216747,0.276479,0.009550,0.216747,0.276479,0.009550,0.276314,0.389000,7.390000,,,
Feb 2025,T2,honest,previous_runs_refit_curve,icon_global,weather_explainable,all,1,48,left,1199,0.211330,0.265610,-0.011428,0.211330,0.265610,-0.011428,0.265364,0.389000,7.390000,,,
Feb 2025,T2,honest,previous_runs_refit_curve,icon_global,weather_explainable,h1-24,1,24,left,598,0.213121,0.265189,-0.006693,0.213121,0.265189,-0.006693,0.265105,0.389000,7.390000,,,
Feb 2025,T2,honest,previous_runs_refit_curve,icon_global,weather_explainable,h25-48,25,48,left,601,0.209548,0.266029,-0.016139,0.209548,0.266029,-0.016139,0.265539,0.389000,7.390000,,,
Feb 2025,T2,honest,same_hour_yesterday,,all,all,1,48,left,1326,0.401023,0.521010,0.004598,0.401023,0.521010,0.004598,0.520990,,,,,
Feb 2025,T2,honest,same_hour_yesterday,,all,h1-24,1,24,left,666,0.402060,0.520685,0.005423,0.402060,0.520685,0.005423,0.520657,,,,,
Feb 2025,T2,honest,same_hour_yesterday,,all,h25-48,25,48,left,660,0.399977,0.521337,0.003765,0.399977,0.521337,0.003765,0.521324,,,,,
Feb 2025,T2,honest,same_hour_yesterday,,weather_explainable,all,1,48,left,1193,0.410112,0.528548,-0.017237,0.410112,0.528548,-0.017237,0.528267,,,,,
Feb 2025,T2,honest,same_hour_yesterday,,weather_explainable,h1-24,1,24,left,598,0.411711,0.528700,-0.016789,0.411711,0.528700,-0.016789,0.528433,,,,,
Feb 2025,T2,honest,same_hour_yesterday,,weather_explainable,h25-48,25,48,left,595,0.408504,0.528395,-0.017686,0.408504,0.528395,-0.017686,0.528099,,,,,
Feb 2025,T2,honest,zero,,all,all,1,48,left,1332,0.313483,0.467255,-0.313483,0.313483,0.467255,-0.313483,0.346490,,,,,
Feb 2025,T2,honest,zero,,all,h1-24,1,24,left,666,0.315901,0.469631,-0.315901,0.315901,0.469631,-0.315901,0.347505,,,,,
Feb 2025,T2,honest,zero,,all,h25-48,25,48,left,666,0.311066,0.464867,-0.311066,0.311066,0.464867,-0.311066,0.345455,,,,,
Feb 2025,T2,honest,zero,,weather_explainable,all,1,48,left,1199,0.334872,0.487607,-0.334872,0.334872,0.487607,-0.334872,0.354431,,,,,
Feb 2025,T2,honest,zero,,weather_explainable,h1-24,1,24,left,598,0.338356,0.490750,-0.338356,0.338356,0.490750,-0.338356,0.355458,,,,,
Feb 2025,T2,honest,zero,,weather_explainable,h25-48,25,48,left,601,0.331406,0.484460,-0.331406,0.331406,0.484460,-0.331406,0.353372,,,,,
Jan 2026,T2,ceiling,era5_fixed_scada_curve,,all,all,1,48,left,1440,0.197525,0.293843,-0.151476,0.197525,0.293843,-0.151476,0.251791,,,,,
Jan 2026,T2,ceiling,era5_fixed_scada_curve,,all,h1-24,1,24,left,720,0.193879,0.289374,-0.146475,0.193879,0.289374,-0.146475,0.249564,,,,,
Jan 2026,T2,ceiling,era5_fixed_scada_curve,,all,h25-48,25,48,left,720,0.201172,0.298245,-0.156478,0.201172,0.298245,-0.156478,0.253899,,,,,
Jan 2026,T2,ceiling,era5_fixed_scada_curve,,weather_explainable,all,1,48,left,1272,0.205911,0.305010,-0.174607,0.205911,0.305010,-0.174607,0.250087,,,,,
Jan 2026,T2,ceiling,era5_fixed_scada_curve,,weather_explainable,h1-24,1,24,left,636,0.201783,0.300134,-0.168945,0.201783,0.300134,-0.168945,0.248068,,,,,
Jan 2026,T2,ceiling,era5_fixed_scada_curve,,weather_explainable,h25-48,25,48,left,636,0.210039,0.309809,-0.180269,0.210039,0.309809,-0.180269,0.251961,,,,,
Jan 2026,T2,ceiling,era5_linear_mos_lomo,,all,all,1,48,left,1440,0.166482,0.237759,0.008396,0.166482,0.237759,0.008396,0.237611,1.117893,1.373283,,,
Jan 2026,T2,ceiling,era5_linear_mos_lomo,,all,h1-24,1,24,left,720,0.163926,0.236097,0.011157,0.163926,0.236097,0.011157,0.235833,1.117893,1.373283,,,
Jan 2026,T2,ceiling,era5_linear_mos_lomo,,all,h25-48,25,48,left,720,0.169039,0.239409,0.005634,0.169039,0.239409,0.005634,0.239343,1.117893,1.373283,,,
Jan 2026,T2,ceiling,era5_linear_mos_lomo,,weather_explainable,all,1,48,left,1272,0.158994,0.222990,-0.013857,0.158994,0.222990,-0.013857,0.222559,1.117893,1.373283,,,
Jan 2026,T2,ceiling,era5_linear_mos_lomo,,weather_explainable,h1-24,1,24,left,636,0.156099,0.220982,-0.010730,0.156099,0.220982,-0.010730,0.220722,1.117893,1.373283,,,
Jan 2026,T2,ceiling,era5_linear_mos_lomo,,weather_explainable,h25-48,25,48,left,636,0.161888,0.224980,-0.016983,0.161888,0.224980,-0.016983,0.224339,1.117893,1.373283,,,
Jan 2026,T2,ceiling,era5_refit_lomo,,all,all,1,48,left,1440,0.174681,0.236677,0.035260,0.174681,0.236677,0.035260,0.234036,0.663000,5.765000,,,
Jan 2026,T2,ceiling,era5_refit_lomo,,all,h1-24,1,24,left,720,0.172504,0.235245,0.038043,0.172504,0.235245,0.038043,0.232148,0.663000,5.765000,,,
Jan 2026,T2,ceiling,era5_refit_lomo,,all,h25-48,25,48,left,720,0.176858,0.238101,0.032476,0.176858,0.238101,0.032476,0.235876,0.663000,5.765000,,,
Jan 2026,T2,ceiling,era5_refit_lomo,,weather_explainable,all,1,48,left,1272,0.167009,0.221642,0.013220,0.167009,0.221642,0.013220,0.221248,0.663000,5.765000,,,
Jan 2026,T2,ceiling,era5_refit_lomo,,weather_explainable,h1-24,1,24,left,636,0.164544,0.219909,0.016371,0.164544,0.219909,0.016371,0.219299,0.663000,5.765000,,,
Jan 2026,T2,ceiling,era5_refit_lomo,,weather_explainable,h25-48,25,48,left,636,0.169474,0.223362,0.010069,0.169474,0.223362,0.010069,0.223135,0.663000,5.765000,,,
Jan 2026,T2,ceiling,perfect_wind,,all,all,1,48,left,1440,0.033377,0.068805,0.012900,0.033377,0.068805,0.012900,0.067585,,,,,
Jan 2026,T2,ceiling,perfect_wind,,all,h1-24,1,24,left,720,0.033272,0.068774,0.013273,0.033272,0.068774,0.013273,0.067481,,,,,
Jan 2026,T2,ceiling,perfect_wind,,all,h25-48,25,48,left,720,0.033482,0.068836,0.012527,0.033482,0.068836,0.012527,0.067687,,,,,
Jan 2026,T2,ceiling,perfect_wind,,weather_explainable,all,1,48,left,1272,0.022753,0.031064,-0.000328,0.022753,0.031064,-0.000328,0.031063,,,,,
Jan 2026,T2,ceiling,perfect_wind,,weather_explainable,h1-24,1,24,left,636,0.022634,0.030986,0.000094,0.022634,0.030986,0.000094,0.030986,,,,,
Jan 2026,T2,ceiling,perfect_wind,,weather_explainable,h25-48,25,48,left,636,0.022872,0.031143,-0.000750,0.022872,0.031143,-0.000750,0.031134,,,,,
Jan 2026,T2,honest,constant_median,,all,all,1,48,left,1440,0.268851,0.344704,-0.078677,0.268851,0.344704,-0.078677,0.335605,,,,,
Jan 2026,T2,honest,constant_median,,all,h1-24,1,24,left,720,0.267694,0.342937,-0.075333,0.267694,0.342937,-0.075333,0.334560,,,,,
Jan 2026,T2,honest,constant_median,,all,h25-48,25,48,left,720,0.270007,0.346462,-0.082021,0.270007,0.346462,-0.082021,0.336613,,,,,
Jan 2026,T2,honest,constant_median,,weather_explainable,all,1,48,left,1272,0.282263,0.360227,-0.101925,0.282263,0.360227,-0.101925,0.345507,,,,,
Jan 2026,T2,honest,constant_median,,weather_explainable,h1-24,1,24,left,636,0.280946,0.358308,-0.098132,0.280946,0.358308,-0.098132,0.344608,,,,,
Jan 2026,T2,honest,constant_median,,weather_explainable,h25-48,25,48,left,636,0.283580,0.362136,-0.105718,0.283580,0.362136,-0.105718,0.346361,,,,,
Jan 2026,T2,honest,madsen_new_reference,,all,all,1,48,left,1440,0.290846,0.332259,0.078125,0.290846,0.332259,0.078125,0.322944,,,,,
Jan 2026,T2,honest,madsen_new_reference,,all,h1-24,1,24,left,720,0.277601,0.323303,0.078376,0.277601,0.323303,0.078376,0.313659,,,,,
Jan 2026,T2,honest,madsen_new_reference,,all,h25-48,25,48,left,720,0.304091,0.340980,0.077874,0.304091,0.340980,0.077874,0.331968,,,,,
Jan 2026,T2,honest,madsen_new_reference,,weather_explainable,all,1,48,left,1272,0.294689,0.337295,0.057549,0.294689,0.337295,0.057549,0.332349,,,,,
Jan 2026,T2,honest,madsen_new_reference,,weather_explainable,h1-24,1,24,left,636,0.282977,0.329678,0.061315,0.282977,0.329678,0.061315,0.323926,,,,,
Jan 2026,T2,honest,madsen_new_reference,,weather_explainable,h25-48,25,48,left,636,0.306401,0.344744,0.053784,0.306401,0.344744,0.053784,0.340523,,,,,
Jan 2026,T2,honest,month_hour_climatology,,all,all,1,48,left,1440,0.305031,0.342167,0.082812,0.305031,0.342167,0.082812,0.331994,,,,,
Jan 2026,T2,honest,month_hour_climatology,,all,h1-24,1,24,left,720,0.305792,0.342989,0.086156,0.305792,0.342989,0.086156,0.331992,,,,,
Jan 2026,T2,honest,month_hour_climatology,,all,h25-48,25,48,left,720,0.304270,0.341342,0.079469,0.304270,0.341342,0.079469,0.331963,,,,,
Jan 2026,T2,honest,month_hour_climatology,,weather_explainable,all,1,48,left,1272,0.307793,0.346441,0.059773,0.307793,0.346441,0.059773,0.341246,,,,,
Jan 2026,T2,honest,month_hour_climatology,,weather_explainable,h1-24,1,24,left,636,0.308654,0.347361,0.063558,0.308654,0.347361,0.063558,0.341497,,,,,
Jan 2026,T2,honest,month_hour_climatology,,weather_explainable,h25-48,25,48,left,636,0.306932,0.345519,0.055987,0.306932,0.345519,0.055987,0.340953,,,,,
Jan 2026,T2,honest,previous_runs_refit_curve,ecmwf_ifs025,all,all,1,48,left,1440,0.212250,0.267407,0.105382,0.212250,0.267407,0.105382,0.245767,0.364000,9.150000,,,
Jan 2026,T2,honest,previous_runs_refit_curve,ecmwf_ifs025,all,h1-24,1,24,left,720,0.204462,0.259193,0.102028,0.204462,0.259193,0.102028,0.238267,0.364000,9.150000,,,
Jan 2026,T2,honest,previous_runs_refit_curve,ecmwf_ifs025,all,h25-48,25,48,left,720,0.220037,0.275377,0.108736,0.220037,0.275377,0.108736,0.252999,0.364000,9.150000,,,
Jan 2026,T2,honest,previous_runs_refit_curve,ecmwf_ifs025,weather_explainable,all,1,48,left,1272,0.215511,0.271357,0.097413,0.215511,0.271357,0.097413,0.253269,0.364000,9.150000,,,
Jan 2026,T2,honest,previous_runs_refit_curve,ecmwf_ifs025,weather_explainable,h1-24,1,24,left,636,0.206231,0.261551,0.093328,0.206231,0.261551,0.093328,0.244333,0.364000,9.150000,,,
Jan 2026,T2,honest,previous_runs_refit_curve,ecmwf_ifs025,weather_explainable,h25-48,25,48,left,636,0.224790,0.280820,0.101499,0.224790,0.280820,0.101499,0.261836,0.364000,9.150000,,,
Jan 2026,T2,honest,previous_runs_refit_curve,icon_global,all,all,1,48,left,1440,0.216174,0.277406,0.123165,0.216174,0.277406,0.123165,0.248564,0.367000,7.690000,,,
Jan 2026,T2,honest,previous_runs_refit_curve,icon_global,all,h1-24,1,24,left,720,0.205577,0.262139,0.127628,0.205577,0.262139,0.127628,0.228972,0.367000,7.690000,,,
Jan 2026,T2,honest,previous_runs_refit_curve,icon_global,all,h25-48,25,48,left,720,0.226772,0.291875,0.118703,0.226772,0.291875,0.118703,0.266646,0.367000,7.690000,,,
Jan 2026,T2,honest,previous_runs_refit_curve,icon_global,weather_explainable,all,1,48,left,1272,0.208892,0.269410,0.104578,0.208892,0.269410,0.104578,0.248284,0.367000,7.690000,,,
Jan 2026,T2,honest,previous_runs_refit_curve,icon_global,weather_explainable,h1-24,1,24,left,636,0.194664,0.249406,0.107552,0.194664,0.249406,0.107552,0.225024,0.367000,7.690000,,,
Jan 2026,T2,honest,previous_runs_refit_curve,icon_global,weather_explainable,h25-48,25,48,left,636,0.223121,0.288027,0.101603,0.223121,0.288027,0.101603,0.269512,0.367000,7.690000,,,
Jan 2026,T2,honest,same_hour_yesterday,,all,all,1,48,left,1440,0.391501,0.507313,-0.014057,0.391501,0.507313,-0.014057,0.507118,,,,,
Jan 2026,T2,honest,same_hour_yesterday,,all,h1-24,1,24,left,720,0.392926,0.509234,-0.021426,0.392926,0.509234,-0.021426,0.508783,,,,,
Jan 2026,T2,honest,same_hour_yesterday,,all,h25-48,25,48,left,720,0.390076,0.505384,-0.006687,0.390076,0.505384,-0.006687,0.505340,,,,,
Jan 2026,T2,honest,same_hour_yesterday,,weather_explainable,all,1,48,left,1272,0.396563,0.512026,-0.045772,0.396563,0.512026,-0.045772,0.509976,,,,,
Jan 2026,T2,honest,same_hour_yesterday,,weather_explainable,h1-24,1,24,left,636,0.398176,0.514181,-0.054114,0.398176,0.514181,-0.054114,0.511326,,,,,
Jan 2026,T2,honest,same_hour_yesterday,,weather_explainable,h25-48,25,48,left,636,0.394950,0.509862,-0.037429,0.394950,0.509862,-0.037429,0.508487,,,,,
Jan 2026,T2,honest,zero,,all,all,1,48,left,1440,0.307066,0.454749,-0.307066,0.307066,0.454749,-0.307066,0.335421,,,,,
Jan 2026,T2,honest,zero,,all,h1-24,1,24,left,720,0.303722,0.451666,-0.303722,0.303722,0.451666,-0.303722,0.334298,,,,,
Jan 2026,T2,honest,zero,,all,h25-48,25,48,left,720,0.310410,0.457811,-0.310410,0.310410,0.457811,-0.310410,0.336507,,,,,
Jan 2026,T2,honest,zero,,weather_explainable,all,1,48,left,1272,0.330334,0.477860,-0.330334,0.330334,0.477860,-0.330334,0.345297,,,,,
Jan 2026,T2,honest,zero,,weather_explainable,h1-24,1,24,left,636,0.326549,0.474539,-0.326549,0.326549,0.474539,-0.326549,0.344315,,,,,
Jan 2026,T2,honest,zero,,weather_explainable,h25-48,25,48,left,636,0.334119,0.481159,-0.334119,0.334119,0.481159,-0.334119,0.346234,,,,,
