target_time_scada,target_time_utc,plant_mw,n_turbines,energy_mwh
2025-02-01T00:00:00+06:00,2025-01-31T18:00:00Z,2.5104,2,2.5104
2025-02-01T01:00:00+06:00,2025-01-31T19:00:00Z,1.9776,2,1.9776
2025-02-01T02:00:00+06:00,2025-01-31T20:00:00Z,1.829,2,1.829
2025-02-01T03:00:00+06:00,2025-01-31T21:00:00Z,1.571,2,1.571
2025-02-01T04:00:00+06:00,2025-01-31T22:00:00Z,0.897,2,0.897
2025-02-01T05:00:00+06:00,2025-01-31T23:00:00Z,0.6884,2,0.6884
2025-02-01T06:00:00+06:00,2025-02-01T00:00:00Z,0.8616,2,0.8616
2025-02-01T07:00:00+06:00,2025-02-01T01:00:00Z,1.103,2,1.103
2025-02-01T08:00:00+06:00,2025-02-01T02:00:00Z,0.8664,2,0.8664
2025-02-01T09:00:00+06:00,2025-02-01T03:00:00Z,0.354,2,0.354
2025-02-01T10:00:00+06:00,2025-02-01T04:00:00Z,0.123,2,0.123
2025-02-01T11:00:00+06:00,2025-02-01T05:00:00Z,0.0814,2,0.0814
2025-02-01T12:00:00+06:00,2025-02-01T06:00:00Z,0.1604,2,0.1604
2025-02-01T13:00:00+06:00,2025-02-01T07:00:00Z,0.2186,2,0.2186
2025-02-01T14:00:00+06:00,2025-02-01T08:00:00Z,0.3004,2,0.3004
2025-02-01T15:00:00+06:00,2025-02-01T09:00:00Z,0.3604,2,0.3604
2025-02-01T16:00:00+06:00,2025-02-01T10:00:00Z,0.487,2,0.487
2025-02-01T17:00:00+06:00,2025-02-01T11:00:00Z,1.3204,2,1.3204
2025-02-01T18:00:00+06:00,2025-02-01T12:00:00Z,3.0264,2,3.0264
2025-02-01T19:00:00+06:00,2025-02-01T13:00:00Z,3.499,2,3.499
2025-02-01T20:00:00+06:00,2025-02-01T14:00:00Z,3.9296,2,3.9296
2025-02-01T21:00:00+06:00,2025-02-01T15:00:00Z,3.9356,2,3.9356
2025-02-01T22:00:00+06:00,2025-02-01T16:00:00Z,3.4324,2,3.4324
2025-02-01T23:00:00+06:00,2025-02-01T17:00:00Z,3.1336,2,3.1336
2025-02-02T00:00:00+06:00,2025-02-01T18:00:00Z,2.9424,2,2.9424
2025-02-02T01:00:00+06:00,2025-02-01T19:00:00Z,2.598,2,2.598
2025-02-02T02:00:00+06:00,2025-02-01T20:00:00Z,2.3624,2,2.3624
2025-02-02T03:00:00+06:00,2025-02-01T21:00:00Z,2.181,2,2.181
2025-02-02T04:00:00+06:00,2025-02-01T22:00:00Z,1.7176,2,1.7176
2025-02-02T05:00:00+06:00,2025-02-01T23:00:00Z,1.3756,2,1.3756
2025-02-02T06:00:00+06:00,2025-02-02T00:00:00Z,0.8816,2,0.8816
2025-02-02T07:00:00+06:00,2025-02-02T01:00:00Z,0.5556,2,0.5556
2025-02-02T08:00:00+06:00,2025-02-02T02:00:00Z,0.4936,2,0.4936
2025-02-02T09:00:00+06:00,2025-02-02T03:00:00Z,0.549,2,0.549
2025-02-02T10:00:00+06:00,2025-02-02T04:00:00Z,0.519,2,0.519
2025-02-02T11:00:00+06:00,2025-02-02T05:00:00Z,0.4344,2,0.4344
2025-02-02T12:00:00+06:00,2025-02-02T06:00:00Z,0.4906,2,0.4906
2025-02-02T13:00:00+06:00,2025-02-02T07:00:00Z,0.5384,2,0.5384
2025-02-02T14:00:00+06:00,2025-02-02T08:00:00Z,0.478,2,0.478
2025-02-02T15:00:00+06:00,2025-02-02T09:00:00Z,0.2794,2,0.2794
2025-02-02T16:00:00+06:00,2025-02-02T10:00:00Z,0.2416,2,0.2416
2025-02-02T17:00:00+06:00,2025-02-02T11:00:00Z,0.194,2,0.194
2025-02-02T18:00:00+06:00,2025-02-02T12:00:00Z,0.125,2,0.125
2025-02-02T19:00:00+06:00,2025-02-02T13:00:00Z,0.112,2,0.112
2025-02-02T20:00:00+06:00,2025-02-02T14:00:00Z,0.198,2,0.198
2025-02-02T21:00:00+06:00,2025-02-02T15:00:00Z,0.37,2,0.37
2025-02-02T22:00:00+06:00,2025-02-02T16:00:00Z,0.5624,2,0.5624
2025-02-02T23:00:00+06:00,2025-02-02T17:00:00Z,0.808,2,0.808
2025-02-03T00:00:00+06:00,2025-02-02T18:00:00Z,1.341,2,1.341
2025-02-03T01:00:00+06:00,2025-02-02T19:00:00Z,1.829,2,1.829
2025-02-03T02:00:00+06:00,2025-02-02T20:00:00Z,2.1636,2,2.1636
2025-02-03T03:00:00+06:00,2025-02-02T21:00:00Z,2.432,2,2.432
2025-02-03T04:00:00+06:00,2025-02-02T22:00:00Z,2.589,2,2.589
2025-02-03T05:00:00+06:00,2025-02-02T23:00:00Z,2.763,2,2.763
2025-02-03T06:00:00+06:00,2025-02-03T00:00:00Z,2.976,2,2.976
2025-02-03T07:00:00+06:00,2025-02-03T01:00:00Z,3.158,2,3.158
2025-02-03T08:00:00+06:00,2025-02-03T02:00:00Z,3.387,2,3.387
2025-02-03T09:00:00+06:00,2025-02-03T03:00:00Z,3.402,2,3.402
2025-02-03T10:00:00+06:00,2025-02-03T04:00:00Z,3.356,2,3.356
2025-02-03T11:00:00+06:00,2025-02-03T05:00:00Z,3.1254,2,3.1254
2025-02-03T12:00:00+06:00,2025-02-03T06:00:00Z,3.5356,2,3.5356
2025-02-03T13:00:00+06:00,2025-02-03T07:00:00Z,3.9816,2,3.9816
2025-02-03T14:00:00+06:00,2025-02-03T08:00:00Z,4.0204,2,4.0204
2025-02-03T15:00:00+06:00,2025-02-03T09:00:00Z,4.194,2,4.194
2025-02-03T16:00:00+06:00,2025-02-03T10:00:00Z,3.9,2,3.9
2025-02-03T17:00:00+06:00,2025-02-03T11:00:00Z,3.788,2,3.788
2025-02-03T18:00:00+06:00,2025-02-03T12:00:00Z,3.341,2,3.341
2025-02-03T19:00:00+06:00,2025-02-03T13:00:00Z,3.142,2,3.142
2025-02-03T20:00:00+06:00,2025-02-03T14:00:00Z,3.286,2,3.286
2025-02-03T21:00:00+06:00,2025-02-03T15:00:00Z,3.4696,2,3.4696
2025-02-03T22:00:00+06:00,2025-02-03T16:00:00Z,3.7944,2,3.7944
2025-02-03T23:00:00+06:00,2025-02-03T17:00:00Z,3.9584,2,3.9584
2025-02-04T00:00:00+06:00,2025-02-03T18:00:00Z,4.505,2,4.505
2025-02-04T01:00:00+06:00,2025-02-03T19:00:00Z,4.392,2,4.392
2025-02-04T02:00:00+06:00,2025-02-03T20:00:00Z,4.2624,2,4.2624
2025-02-04T03:00:00+06:00,2025-02-03T21:00:00Z,4.322,2,4.322
2025-02-04T04:00:00+06:00,2025-02-03T22:00:00Z,4.35,2,4.35
2025-02-04T05:00:00+06:00,2025-02-03T23:00:00Z,4.432,2,4.432
2025-02-04T06:00:00+06:00,2025-02-04T00:00:00Z,4.505,2,4.505
2025-02-04T07:00:00+06:00,2025-02-04T01:00:00Z,4.52,2,4.52
2025-02-04T08:00:00+06:00,2025-02-04T02:00:00Z,4.4496,2,4.4496
2025-02-04T09:00:00+06:00,2025-02-04T03:00:00Z,4.3736,2,4.3736
2025-02-04T10:00:00+06:00,2025-02-04T04:00:00Z,4.222,2,4.222
2025-02-04T11:00:00+06:00,2025-02-04T05:00:00Z,3.4176,2,3.4176
2025-02-04T12:00:00+06:00,2025-02-04T06:00:00Z,2.38,2,2.38
2025-02-04T13:00:00+06:00,2025-02-04T07:00:00Z,1.475,2,1.475
2025-02-04T14:00:00+06:00,2025-02-04T08:00:00Z,0.319,2,0.319
2025-02-04T15:00:00+06:00,2025-02-04T09:00:00Z,0.2004,2,0.2004
2025-02-04T16:00:00+06:00,2025-02-04T10:00:00Z,0.363,2,0.363
2025-02-04T17:00:00+06:00,2025-02-04T11:00:00Z,0.672,2,0.672
2025-02-04T18:00:00+06:00,2025-02-04T12:00:00Z,0.8224,2,0.8224
2025-02-04T19:00:00+06:00,2025-02-04T13:00:00Z,0.8464,2,0.8464
2025-02-04T20:00:00+06:00,2025-02-04T14:00:00Z,0.8864,2,0.8864
2025-02-04T21:00:00+06:00,2025-02-04T15:00:00Z,0.8176,2,0.8176
2025-02-04T22:00:00+06:00,2025-02-04T16:00:00Z,0.7846,2,0.7846
2025-02-04T23:00:00+06:00,2025-02-04T17:00:00Z,0.613,2,0.613
2025-02-05T00:00:00+06:00,2025-02-04T18:00:00Z,0.676,2,0.676
2025-02-05T01:00:00+06:00,2025-02-04T19:00:00Z,0.4344,2,0.4344
2025-02-05T02:00:00+06:00,2025-02-04T20:00:00Z,0.285,2,0.285
2025-02-05T03:00:00+06:00,2025-02-04T21:00:00Z,0.1624,2,0.1624
2025-02-05T04:00:00+06:00,2025-02-04T22:00:00Z,0.1044,2,0.1044
2025-02-05T05:00:00+06:00,2025-02-04T23:00:00Z,0.054,2,0.054
2025-02-05T06:00:00+06:00,2025-02-05T00:00:00Z,0.125,2,0.125
2025-02-05T07:00:00+06:00,2025-02-05T01:00:00Z,0.2776,2,0.2776
2025-02-05T08:00:00+06:00,2025-02-05T02:00:00Z,0.475,2,0.475
2025-02-05T09:00:00+06:00,2025-02-05T03:00:00Z,0.4996,2,0.4996
2025-02-05T10:00:00+06:00,2025-02-05T04:00:00Z,0.4,2,0.4
2025-02-05T11:00:00+06:00,2025-02-05T05:00:00Z,0.701,2,0.701
2025-02-05T12:00:00+06:00,2025-02-05T06:00:00Z,0.7984,2,0.7984
2025-02-05T13:00:00+06:00,2025-02-05T07:00:00Z,0.672,2,0.672
2025-02-05T14:00:00+06:00,2025-02-05T08:00:00Z,0.3976,2,0.3976
2025-02-05T15:00:00+06:00,2025-02-05T09:00:00Z,0.4,2,0.4
2025-02-05T16:00:00+06:00,2025-02-05T10:00:00Z,0.4156,2,0.4156
2025-02-05T17:00:00+06:00,2025-02-05T11:00:00Z,0.276,2,0.276
2025-02-05T18:00:00+06:00,2025-02-05T12:00:00Z,0.1704,2,0.1704
2025-02-05T19:00:00+06:00,2025-02-05T13:00:00Z,0.092,2,0.092
2025-02-05T20:00:00+06:00,2025-02-05T14:00:00Z,0.097,2,0.097
2025-02-05T21:00:00+06:00,2025-02-05T15:00:00Z,0.108,2,0.108
2025-02-05T22:00:00+06:00,2025-02-05T16:00:00Z,0.1624,2,0.1624
2025-02-05T23:00:00+06:00,2025-02-05T17:00:00Z,0.149,2,0.149
2025-02-06T00:00:00+06:00,2025-02-05T18:00:00Z,0.0856,2,0.0856
2025-02-06T01:00:00+06:00,2025-02-05T19:00:00Z,0.0804,2,0.0804
2025-02-06T02:00:00+06:00,2025-02-05T20:00:00Z,0.1576,2,0.1576
2025-02-06T03:00:00+06:00,2025-02-05T21:00:00Z,0.3516,2,0.3516
2025-02-06T04:00:00+06:00,2025-02-05T22:00:00Z,0.897,2,0.897
2025-02-06T05:00:00+06:00,2025-02-05T23:00:00Z,1.5784,2,1.5784
2025-02-06T06:00:00+06:00,2025-02-06T00:00:00Z,2.155,2,2.155
2025-02-06T07:00:00+06:00,2025-02-06T01:00:00Z,2.319,2,2.319
2025-02-06T08:00:00+06:00,2025-02-06T02:00:00Z,2.2496,2,2.2496
2025-02-06T09:00:00+06:00,2025-02-06T03:00:00Z,2.1296,2,2.1296
2025-02-06T10:00:00+06:00,2025-02-06T04:00:00Z,2.371,2,2.371
2025-02-06T11:00:00+06:00,2025-02-06T05:00:00Z,2.3624,2,2.3624
2025-02-06T12:00:00+06:00,2025-02-06T06:00:00Z,2.572,2,2.572
2025-02-06T13:00:00+06:00,2025-02-06T07:00:00Z,2.8316,2,2.8316
2025-02-06T14:00:00+06:00,2025-02-06T08:00:00Z,2.4584,2,2.4584
2025-02-06T15:00:00+06:00,2025-02-06T09:00:00Z,2.4236,2,2.4236
2025-02-06T16:00:00+06:00,2025-02-06T10:00:00Z,2.07,2,2.07
2025-02-06T17:00:00+06:00,2025-02-06T11:00:00Z,2.07,2,2.07
2025-02-06T18:00:00+06:00,2025-02-06T12:00:00Z,1.7176,2,1.7176
2025-02-06T19:00:00+06:00,2025-02-06T13:00:00Z,1.829,2,1.829
2025-02-06T20:00:00+06:00,2025-02-06T14:00:00Z,1.9776,2,1.9776
2025-02-06T21:00:00+06:00,2025-02-06T15:00:00Z,2.215,2,2.215
2025-02-06T22:00:00+06:00,2025-02-06T16:00:00Z,2.476,2,2.476
2025-02-06T23:00:00+06:00,2025-02-06T17:00:00Z,2.3276,2,2.3276
2025-02-07T00:00:00+06:00,2025-02-06T18:00:00Z,1.862,2,1.862
2025-02-07T01:00:00+06:00,2025-02-06T19:00:00Z,1.765,2,1.765
2025-02-07T02:00:00+06:00,2025-02-06T20:00:00Z,1.4036,2,1.4036
2025-02-07T03:00:00+06:00,2025-02-06T21:00:00Z,1.267,2,1.267
2025-02-07T04:00:00+06:00,2025-02-06T22:00:00Z,1.541,2,1.541
2025-02-07T05:00:00+06:00,2025-02-06T23:00:00Z,1.9276,2,1.9276
2025-02-07T06:00:00+06:00,2025-02-07T00:00:00Z,2.036,2,2.036
2025-02-07T07:00:00+06:00,2025-02-07T01:00:00Z,2.138,2,2.138
2025-02-07T08:00:00+06:00,2025-02-07T02:00:00Z,2.241,2,2.241
2025-02-07T09:00:00+06:00,2025-02-07T03:00:00Z,2.38,2,2.38
2025-02-07T10:00:00+06:00,2025-02-07T04:00:00Z,2.476,2,2.476
2025-02-07T11:00:00+06:00,2025-02-07T05:00:00Z,3.2464,2,3.2464
2025-02-07T12:00:00+06:00,2025-02-07T06:00:00Z,2.823,2,2.823
2025-02-07T13:00:00+06:00,2025-02-07T07:00:00Z,2.7716,2,2.7716
2025-02-07T14:00:00+06:00,2025-02-07T08:00:00Z,3.4476,2,3.4476
2025-02-07T15:00:00+06:00,2025-02-07T09:00:00Z,3.499,2,3.499
2025-02-07T16:00:00+06:00,2025-02-07T10:00:00Z,2.4844,2,2.4844
2025-02-07T17:00:00+06:00,2025-02-07T11:00:00Z,1.9776,2,1.9776
2025-02-07T18:00:00+06:00,2025-02-07T12:00:00Z,1.327,2,1.327
2025-02-07T19:00:00+06:00,2025-02-07T13:00:00Z,0.9124,2,0.9124
2025-02-07T20:00:00+06:00,2025-02-07T14:00:00Z,0.8516,2,0.8516
2025-02-07T21:00:00+06:00,2025-02-07T15:00:00Z,1.0614,2,1.0614
2025-02-07T22:00:00+06:00,2025-02-07T16:00:00Z,1.334,2,1.334
2025-02-07T23:00:00+06:00,2025-02-07T17:00:00Z,1.519,2,1.519
2025-02-08T00:00:00+06:00,2025-02-07T18:00:00Z,1.079,2,1.079
2025-02-08T01:00:00+06:00,2025-02-07T19:00:00Z,1.1706,2,1.1706
2025-02-08T02:00:00+06:00,2025-02-07T20:00:00Z,1.327,2,1.327
2025-02-08T03:00:00+06:00,2025-02-07T21:00:00Z,1.5334,2,1.5334
2025-02-08T04:00:00+06:00,2025-02-07T22:00:00Z,1.5116,2,1.5116
2025-02-08T05:00:00+06:00,2025-02-07T23:00:00Z,1.2934,2,1.2934
2025-02-08T06:00:00+06:00,2025-02-08T00:00:00Z,1.4036,2,1.4036
2025-02-08T07:00:00+06:00,2025-02-08T01:00:00Z,1.189,2,1.189
2025-02-08T08:00:00+06:00,2025-02-08T02:00:00Z,1.234,2,1.234
2025-02-08T09:00:00+06:00,2025-02-08T03:00:00Z,0.907,2,0.907
2025-02-08T10:00:00+06:00,2025-02-08T04:00:00Z,1.28,2,1.28
2025-02-08T11:00:00+06:00,2025-02-08T05:00:00Z,2.07,2,2.07
2025-02-08T12:00:00+06:00,2025-02-08T06:00:00Z,1.5334,2,1.5334
2025-02-08T13:00:00+06:00,2025-02-08T07:00:00Z,1.733,2,1.733
2025-02-08T14:00:00+06:00,2025-02-08T08:00:00Z,1.765,2,1.765
2025-02-08T15:00:00+06:00,2025-02-08T09:00:00Z,1.571,2,1.571
2025-02-08T16:00:00+06:00,2025-02-08T10:00:00Z,1.044,2,1.044
2025-02-08T17:00:00+06:00,2025-02-08T11:00:00Z,0.5124,2,0.5124
2025-02-08T18:00:00+06:00,2025-02-08T12:00:00Z,0.2076,2,0.2076
2025-02-08T19:00:00+06:00,2025-02-08T13:00:00Z,0.088,2,0.088
2025-02-08T20:00:00+06:00,2025-02-08T14:00:00Z,0.1176,2,0.1176
2025-02-08T21:00:00+06:00,2025-02-08T15:00:00Z,0.1336,2,0.1336
2025-02-08T22:00:00+06:00,2025-02-08T16:00:00Z,0.1384,2,0.1384
2025-02-08T23:00:00+06:00,2025-02-08T17:00:00Z,0.195,2,0.195
2025-02-09T00:00:00+06:00,2025-02-08T18:00:00Z,0.363,2,0.363
2025-02-09T01:00:00+06:00,2025-02-08T19:00:00Z,0.58,2,0.58
2025-02-09T02:00:00+06:00,2025-02-08T20:00:00Z,0.5284,2,0.5284
2025-02-09T03:00:00+06:00,2025-02-08T21:00:00Z,0.4184,2,0.4184
2025-02-09T04:00:00+06:00,2025-02-08T22:00:00Z,0.3516,2,0.3516
2025-02-09T05:00:00+06:00,2025-02-08T23:00:00Z,0.385,2,0.385
2025-02-09T06:00:00+06:00,2025-02-09T00:00:00Z,0.3084,2,0.3084
2025-02-09T07:00:00+06:00,2025-02-09T01:00:00Z,0.1384,2,0.1384
2025-02-09T08:00:00+06:00,2025-02-09T02:00:00Z,0.124,2,0.124
2025-02-09T09:00:00+06:00,2025-02-09T03:00:00Z,0.0944,2,0.0944
2025-02-09T10:00:00+06:00,2025-02-09T04:00:00Z,0.088,2,0.088
2025-02-09T11:00:00+06:00,2025-02-09T05:00:00Z,0.067,2,0.067
2025-02-09T12:00:00+06:00,2025-02-09T06:00:00Z,0.0984,2,0.0984
2025-02-09T13:00:00+06:00,2025-02-09T07:00:00Z,0.1884,2,0.1884
2025-02-09T14:00:00+06:00,2025-02-09T08:00:00Z,0.4376,2,0.4376
2025-02-09T15:00:00+06:00,2025-02-09T09:00:00Z,0.4376,2,0.4376
2025-02-09T16:00:00+06:00,2025-02-09T10:00:00Z,0.395,2,0.395
2025-02-09T17:00:00+06:00,2025-02-09T11:00:00Z,1.121,2,1.121
2025-02-09T18:00:00+06:00,2025-02-09T12:00:00Z,2.224,2,2.224
2025-02-09T19:00:00+06:00,2025-02-09T13:00:00Z,3.1664,2,3.1664
2025-02-09T20:00:00+06:00,2025-02-09T14:00:00Z,3.953,2,3.953
2025-02-09T21:00:00+06:00,2025-02-09T15:00:00Z,4.267,2,4.267
2025-02-09T22:00:00+06:00,2025-02-09T16:00:00Z,4.377,2,4.377
2025-02-09T23:00:00+06:00,2025-02-09T17:00:00Z,4.1104,2,4.1104
2025-02-10T00:00:00+06:00,2025-02-09T18:00:00Z,4.439,2,4.439
2025-02-10T01:00:00+06:00,2025-02-09T19:00:00Z,4.583,2,4.583
2025-02-10T02:00:00+06:00,2025-02-09T20:00:00Z,4.7476,2,4.7476
2025-02-10T03:00:00+06:00,2025-02-09T21:00:00Z,4.803,2,4.803
2025-02-10T04:00:00+06:00,2025-02-09T22:00:00Z,4.654,2,4.654
2025-02-10T05:00:00+06:00,2025-02-09T23:00:00Z,4.5696,2,4.5696
2025-02-10T06:00:00+06:00,2025-02-10T00:00:00Z,4.8356,2,4.8356
2025-02-10T07:00:00+06:00,2025-02-10T01:00:00Z,4.838,2,4.838
2025-02-10T08:00:00+06:00,2025-02-10T02:00:00Z,4.817,2,4.817
2025-02-10T09:00:00+06:00,2025-02-10T03:00:00Z,4.744,2,4.744
2025-02-10T10:00:00+06:00,2025-02-10T04:00:00Z,4.52,2,4.52
2025-02-10T11:00:00+06:00,2025-02-10T05:00:00Z,3.696,2,3.696
2025-02-10T12:00:00+06:00,2025-02-10T06:00:00Z,3.0014,2,3.0014
2025-02-10T13:00:00+06:00,2025-02-10T07:00:00Z,1.2864,2,1.2864
2025-02-10T14:00:00+06:00,2025-02-10T08:00:00Z,0.827,2,0.827
2025-02-10T15:00:00+06:00,2025-02-10T09:00:00Z,0.668,2,0.668
2025-02-10T16:00:00+06:00,2025-02-10T10:00:00Z,0.4604,2,0.4604
2025-02-10T17:00:00+06:00,2025-02-10T11:00:00Z,0.347,2,0.347
2025-02-10T18:00:00+06:00,2025-02-10T12:00:00Z,0.3316,2,0.3316
2025-02-10T19:00:00+06:00,2025-02-10T13:00:00Z,0.146,2,0.146
2025-02-10T20:00:00+06:00,2025-02-10T14:00:00Z,0.112,2,0.112
2025-02-10T21:00:00+06:00,2025-02-10T15:00:00Z,0.1376,2,0.1376
2025-02-10T22:00:00+06:00,2025-02-10T16:00:00Z,0.12,2,0.12
2025-02-10T23:00:00+06:00,2025-02-10T17:00:00Z,0.226,2,0.226
2025-02-11T00:00:00+06:00,2025-02-10T18:00:00Z,1.3896,2,1.3896
2025-02-11T01:00:00+06:00,2025-02-10T19:00:00Z,1.813,2,1.813
2025-02-11T02:00:00+06:00,2025-02-10T20:00:00Z,1.936,2,1.936
2025-02-11T03:00:00+06:00,2025-02-10T21:00:00Z,2.2756,2,2.2756
2025-02-11T04:00:00+06:00,2025-02-10T22:00:00Z,2.9424,2,2.9424
2025-02-11T05:00:00+06:00,2025-02-10T23:00:00Z,3.142,2,3.142
2025-02-11T06:00:00+06:00,2025-02-11T00:00:00Z,3.068,2,3.068
2025-02-11T07:00:00+06:00,2025-02-11T01:00:00Z,3.0846,2,3.0846
2025-02-11T08:00:00+06:00,2025-02-11T02:00:00Z,3.286,2,3.286
2025-02-11T09:00:00+06:00,2025-02-11T03:00:00Z,3.2624,2,3.2624
2025-02-11T10:00:00+06:00,2025-02-11T04:00:00Z,3.455,2,3.455
2025-02-11T11:00:00+06:00,2025-02-11T05:00:00Z,3.736,2,3.736
2025-02-11T12:00:00+06:00,2025-02-11T06:00:00Z,4.4216,2,4.4216
2025-02-11T13:00:00+06:00,2025-02-11T07:00:00Z,4.5556,2,4.5556
2025-02-11T14:00:00+06:00,2025-02-11T08:00:00Z,4.486,2,4.486
2025-02-11T15:00:00+06:00,2025-02-11T09:00:00Z,4.2926,2,4.2926
2025-02-11T16:00:00+06:00,2025-02-11T10:00:00Z,4.2356,2,4.2356
2025-02-11T17:00:00+06:00,2025-02-11T11:00:00Z,4.2356,2,4.2356
2025-02-11T18:00:00+06:00,2025-02-11T12:00:00Z,3.9816,2,3.9816
2025-02-11T19:00:00+06:00,2025-02-11T13:00:00Z,3.6344,2,3.6344
2025-02-11T20:00:00+06:00,2025-02-11T14:00:00Z,3.4324,2,3.4324
2025-02-11T21:00:00+06:00,2025-02-11T15:00:00Z,3.492,2,3.492
2025-02-11T22:00:00+06:00,2025-02-11T16:00:00Z,3.756,2,3.756
2025-02-11T23:00:00+06:00,2025-02-11T17:00:00Z,3.5644,2,3.5644
2025-02-12T00:00:00+06:00,2025-02-11T18:00:00Z,3.101,2,3.101
2025-02-12T01:00:00+06:00,2025-02-11T19:00:00Z,0.429,2,0.429
2025-02-12T02:00:00+06:00,2025-02-11T20:00:00Z,1.085,2,1.085
2025-02-12T03:00:00+06:00,2025-02-11T21:00:00Z,2.019,2,2.019
2025-02-12T04:00:00+06:00,2025-02-11T22:00:00Z,2.3976,2,2.3976
2025-02-12T05:00:00+06:00,2025-02-11T23:00:00Z,2.1896,2,2.1896
2025-02-12T06:00:00+06:00,2025-02-12T00:00:00Z,2.215,2,2.215
2025-02-12T07:00:00+06:00,2025-02-12T01:00:00Z,2.0784,2,2.0784
2025-02-12T08:00:00+06:00,2025-02-12T02:00:00Z,1.862,2,1.862
2025-02-12T09:00:00+06:00,2025-02-12T03:00:00Z,1.5484,2,1.5484
2025-02-12T10:00:00+06:00,2025-02-12T04:00:00Z,0.944,2,0.944
2025-02-12T11:00:00+06:00,2025-02-12T05:00:00Z,1.334,2,1.334
2025-02-12T12:00:00+06:00,2025-02-12T06:00:00Z,2.241,2,2.241
2025-02-12T13:00:00+06:00,2025-02-12T07:00:00Z,2.2844,2,2.2844
2025-02-12T14:00:00+06:00,2025-02-12T08:00:00Z,2.2584,2,2.2584
2025-02-12T15:00:00+06:00,2025-02-12T09:00:00Z,2.0276,2,2.0276
2025-02-12T16:00:00+06:00,2025-02-12T10:00:00Z,2.823,2,2.823
2025-02-12T17:00:00+06:00,2025-02-12T11:00:00Z,2.65,2,2.65
2025-02-12T18:00:00+06:00,2025-02-12T12:00:00Z,3.2144,2,3.2144
2025-02-12T19:00:00+06:00,2025-02-12T13:00:00Z,2.493,2,2.493
2025-02-12T20:00:00+06:00,2025-02-12T14:00:00Z,1.5784,2,1.5784
2025-02-12T21:00:00+06:00,2025-02-12T15:00:00Z,1.004,2,1.004
2025-02-12T22:00:00+06:00,2025-02-12T16:00:00Z,0.96,2,0.96
2025-02-12T23:00:00+06:00,2025-02-12T17:00:00Z,0.8124,2,0.8124
2025-02-13T00:00:00+06:00,2025-02-12T18:00:00Z,0.9544,2,0.9544
2025-02-13T01:00:00+06:00,2025-02-12T19:00:00Z,1.01,2,1.01
2025-02-13T02:00:00+06:00,2025-02-12T20:00:00Z,1.044,2,1.044
2025-02-13T03:00:00+06:00,2025-02-12T21:00:00Z,1.234,2,1.234
2025-02-13T04:00:00+06:00,2025-02-12T22:00:00Z,1.2934,2,1.2934
2025-02-13T05:00:00+06:00,2025-02-12T23:00:00Z,1.3896,2,1.3896
2025-02-13T06:00:00+06:00,2025-02-13T00:00:00Z,1.085,2,1.085
2025-02-13T07:00:00+06:00,2025-02-13T01:00:00Z,0.566,2,0.566
2025-02-13T08:00:00+06:00,2025-02-13T02:00:00Z,0.234,2,0.234
2025-02-13T09:00:00+06:00,2025-02-13T03:00:00Z,0.0984,2,0.0984
2025-02-13T10:00:00+06:00,2025-02-13T04:00:00Z,0.087,2,0.087
2025-02-13T11:00:00+06:00,2025-02-13T05:00:00Z,0.119,2,0.119
2025-02-13T12:00:00+06:00,2025-02-13T06:00:00Z,0.167,2,0.167
2025-02-13T13:00:00+06:00,2025-02-13T07:00:00Z,0.3024,2,0.3024
2025-02-13T14:00:00+06:00,2025-02-13T08:00:00Z,0.38,2,0.38
2025-02-13T15:00:00+06:00,2025-02-13T09:00:00Z,0.429,2,0.429
2025-02-13T16:00:00+06:00,2025-02-13T10:00:00Z,0.463,2,0.463
2025-02-13T17:00:00+06:00,2025-02-13T11:00:00Z,0.6094,2,0.6094
2025-02-13T18:00:00+06:00,2025-02-13T12:00:00Z,0.7396,2,0.7396
2025-02-13T19:00:00+06:00,2025-02-13T13:00:00Z,0.478,2,0.478
2025-02-13T20:00:00+06:00,2025-02-13T14:00:00Z,0.3084,2,0.3084
2025-02-13T21:00:00+06:00,2025-02-13T15:00:00Z,0.7756,2,0.7756
2025-02-13T22:00:00+06:00,2025-02-13T16:00:00Z,1.7176,2,1.7176
2025-02-13T23:00:00+06:00,2025-02-13T17:00:00Z,1.773,2,1.773
2025-02-14T00:00:00+06:00,2025-02-13T18:00:00Z,1.0556,2,1.0556
2025-02-14T01:00:00+06:00,2025-02-13T19:00:00Z,0.701,2,0.701
2025-02-14T02:00:00+06:00,2025-02-13T20:00:00Z,0.672,2,0.672
2025-02-14T03:00:00+06:00,2025-02-13T21:00:00Z,0.7574,2,0.7574
2025-02-14T04:00:00+06:00,2025-02-13T22:00:00Z,0.664,2,0.664
2025-02-14T05:00:00+06:00,2025-02-13T23:00:00Z,0.503,2,0.503
2025-02-14T06:00:00+06:00,2025-02-14T00:00:00Z,0.37,2,0.37
2025-02-14T07:00:00+06:00,2025-02-14T01:00:00Z,0.421,2,0.421
2025-02-14T08:00:00+06:00,2025-02-14T02:00:00Z,0.559,2,0.559
2025-02-14T09:00:00+06:00,2025-02-14T03:00:00Z,0.636,2,0.636
2025-02-14T10:00:00+06:00,2025-02-14T04:00:00Z,0.522,2,0.522
2025-02-14T11:00:00+06:00,2025-02-14T05:00:00Z,1.267,2,1.267
2025-02-14T12:00:00+06:00,2025-02-14T06:00:00Z,2.572,2,2.572
2025-02-14T13:00:00+06:00,2025-02-14T07:00:00Z,2.9254,2,2.9254
2025-02-14T14:00:00+06:00,2025-02-14T08:00:00Z,2.806,2,2.806
2025-02-14T15:00:00+06:00,2025-02-14T09:00:00Z,2.65,2,2.65
2025-02-14T16:00:00+06:00,2025-02-14T10:00:00Z,2.3016,2,2.3016
2025-02-14T17:00:00+06:00,2025-02-14T11:00:00Z,2.0444,2,2.0444
2025-02-14T18:00:00+06:00,2025-02-14T12:00:00Z,2.572,2,2.572
2025-02-14T19:00:00+06:00,2025-02-14T13:00:00Z,1.8536,2,1.8536
2025-02-14T20:00:00+06:00,2025-02-14T14:00:00Z,1.4036,2,1.4036
2025-02-14T21:00:00+06:00,2025-02-14T15:00:00Z,1.6396,2,1.6396
2025-02-14T22:00:00+06:00,2025-02-14T16:00:00Z,2.036,2,2.036
2025-02-14T23:00:00+06:00,2025-02-14T17:00:00Z,2.198,2,2.198
2025-02-15T00:00:00+06:00,2025-02-14T18:00:00Z,2.0444,2,2.0444
2025-02-15T01:00:00+06:00,2025-02-14T19:00:00Z,1.9604,2,1.9604
2025-02-15T02:00:00+06:00,2025-02-14T20:00:00Z,2.2324,2,2.2324
2025-02-15T03:00:00+06:00,2025-02-14T21:00:00Z,2.806,2,2.806
2025-02-15T04:00:00+06:00,2025-02-14T22:00:00Z,3.3484,2,3.3484
2025-02-15T05:00:00+06:00,2025-02-14T23:00:00Z,3.614,2,3.614
2025-02-15T06:00:00+06:00,2025-02-15T00:00:00Z,3.628,2,3.628
2025-02-15T07:00:00+06:00,2025-02-15T01:00:00Z,3.851,2,3.851
2025-02-15T08:00:00+06:00,2025-02-15T02:00:00Z,4.095,2,4.095
2025-02-15T09:00:00+06:00,2025-02-15T03:00:00Z,4.1604,2,4.1604
2025-02-15T10:00:00+06:00,2025-02-15T04:00:00Z,4.136,2,4.136
2025-02-15T11:00:00+06:00,2025-02-15T05:00:00Z,3.8076,2,3.8076
2025-02-15T12:00:00+06:00,2025-02-15T06:00:00Z,4.1504,2,4.1504
2025-02-15T13:00:00+06:00,2025-02-15T07:00:00Z,3.8384,2,3.8384
2025-02-15T14:00:00+06:00,2025-02-15T08:00:00Z,3.341,2,3.341
2025-02-15T15:00:00+06:00,2025-02-15T09:00:00Z,2.659,2,2.659
2025-02-15T16:00:00+06:00,2025-02-15T10:00:00Z,0.4576,2,0.4576
2025-02-15T17:00:00+06:00,2025-02-15T11:00:00Z,0.5384,2,0.5384
2025-02-15T18:00:00+06:00,2025-02-15T12:00:00Z,4.5856,2,4.5856
2025-02-15T19:00:00+06:00,2025-02-15T13:00:00Z,3.286,2,3.286
2025-02-15T20:00:00+06:00,2025-02-15T14:00:00Z,2.432,2,2.432
2025-02-15T21:00:00+06:00,2025-02-15T15:00:00Z,3.1984,2,3.1984
2025-02-15T22:00:00+06:00,2025-02-15T16:00:00Z,4.0744,2,4.0744
2025-02-15T23:00:00+06:00,2025-02-15T17:00:00Z,4.0316,2,4.0316
2025-02-16T00:00:00+06:00,2025-02-15T18:00:00Z,3.6624,2,3.6624
2025-02-16T01:00:00+06:00,2025-02-15T19:00:00Z,3.294,2,3.294
2025-02-16T02:00:00+06:00,2025-02-15T20:00:00Z,3.2464,2,3.2464
2025-02-16T03:00:00+06:00,2025-02-15T21:00:00Z,3.101,2,3.101
2025-02-16T04:00:00+06:00,2025-02-15T22:00:00Z,2.7716,2,2.7716
2025-02-16T05:00:00+06:00,2025-02-15T23:00:00Z,1.7256,2,1.7256
2025-02-16T06:00:00+06:00,2025-02-16T00:00:00Z,0.58,2,0.58
2025-02-16T07:00:00+06:00,2025-02-16T01:00:00Z,0.1776,2,0.1776
2025-02-16T08:00:00+06:00,2025-02-16T02:00:00Z,0.088,2,0.088
2025-02-16T09:00:00+06:00,2025-02-16T03:00:00Z,0.155,2,0.155
2025-02-16T10:00:00+06:00,2025-02-16T04:00:00Z,0.064,2,0.064
2025-02-16T11:00:00+06:00,2025-02-16T05:00:00Z,0.2244,2,0.2244
2025-02-16T12:00:00+06:00,2025-02-16T06:00:00Z,0.4936,2,0.4936
2025-02-16T13:00:00+06:00,2025-02-16T07:00:00Z,0.8616,2,0.8616
2025-02-16T14:00:00+06:00,2025-02-16T08:00:00Z,1.765,2,1.765
2025-02-16T15:00:00+06:00,2025-02-16T09:00:00Z,2.432,2,2.432
2025-02-16T16:00:00+06:00,2025-02-16T10:00:00Z,1.7094,2,1.7094
2025-02-16T17:00:00+06:00,2025-02-16T11:00:00Z,1.7016,2,1.7016
2025-02-16T18:00:00+06:00,2025-02-16T12:00:00Z,1.9524,2,1.9524
2025-02-16T19:00:00+06:00,2025-02-16T13:00:00Z,1.686,2,1.686
2025-02-16T20:00:00+06:00,2025-02-16T14:00:00Z,1.773,2,1.773
2025-02-16T21:00:00+06:00,2025-02-16T15:00:00Z,1.5264,2,1.5264
2025-02-16T22:00:00+06:00,2025-02-16T16:00:00Z,1.158,2,1.158
2025-02-16T23:00:00+06:00,2025-02-16T17:00:00Z,0.8224,2,0.8224
2025-02-17T00:00:00+06:00,2025-02-16T18:00:00Z,0.8516,2,0.8516
2025-02-17T01:00:00+06:00,2025-02-16T19:00:00Z,0.4184,2,0.4184
2025-02-17T02:00:00+06:00,2025-02-16T20:00:00Z,0.368,2,0.368
2025-02-17T03:00:00+06:00,2025-02-16T21:00:00Z,0.1624,2,0.1624
2025-02-17T04:00:00+06:00,2025-02-16T22:00:00Z,0.0856,2,0.0856
2025-02-17T05:00:00+06:00,2025-02-16T23:00:00Z,0.1164,2,0.1164
2025-02-17T06:00:00+06:00,2025-02-17T00:00:00Z,0.066,2,0.066
2025-02-17T07:00:00+06:00,2025-02-17T01:00:00Z,0.1576,2,0.1576
2025-02-17T08:00:00+06:00,2025-02-17T02:00:00Z,0.18,2,0.18
2025-02-17T09:00:00+06:00,2025-02-17T03:00:00Z,0.287,2,0.287
2025-02-17T10:00:00+06:00,2025-02-17T04:00:00Z,0.1604,2,0.1604
2025-02-17T11:00:00+06:00,2025-02-17T05:00:00Z,0.2244,2,0.2244
2025-02-17T12:00:00+06:00,2025-02-17T06:00:00Z,0.237,2,0.237
2025-02-17T13:00:00+06:00,2025-02-17T07:00:00Z,0.146,2,0.146
2025-02-17T14:00:00+06:00,2025-02-17T08:00:00Z,0.092,2,0.092
2025-02-17T15:00:00+06:00,2025-02-17T09:00:00Z,0.0936,2,0.0936
2025-02-17T16:00:00+06:00,2025-02-17T10:00:00Z,0.1884,2,0.1884
2025-02-17T17:00:00+06:00,2025-02-17T11:00:00Z,0.443,2,0.443
2025-02-17T18:00:00+06:00,2025-02-17T12:00:00Z,0.7136,2,0.7136
2025-02-17T19:00:00+06:00,2025-02-17T13:00:00Z,0.466,2,0.466
2025-02-17T20:00:00+06:00,2025-02-17T14:00:00Z,0.2944,2,0.2944
2025-02-17T21:00:00+06:00,2025-02-17T15:00:00Z,0.1764,2,0.1764
2025-02-17T22:00:00+06:00,2025-02-17T16:00:00Z,0.104,2,0.104
2025-02-17T23:00:00+06:00,2025-02-17T17:00:00Z,0.1024,2,0.1024
2025-02-18T00:00:00+06:00,2025-02-17T18:00:00Z,0.147,2,0.147
2025-02-18T01:00:00+06:00,2025-02-17T19:00:00Z,0.1276,2,0.1276
2025-02-18T02:00:00+06:00,2025-02-17T20:00:00Z,0.153,2,0.153
2025-02-18T03:00:00+06:00,2025-02-17T21:00:00Z,0.217,2,0.217
2025-02-18T04:00:00+06:00,2025-02-17T22:00:00Z,0.255,2,0.255
2025-02-18T05:00:00+06:00,2025-02-17T23:00:00Z,0.356,2,0.356
2025-02-18T06:00:00+06:00,2025-02-18T00:00:00Z,0.443,2,0.443
2025-02-18T07:00:00+06:00,2025-02-18T01:00:00Z,0.4936,2,0.4936
2025-02-18T08:00:00+06:00,2025-02-18T02:00:00Z,0.58,2,0.58
2025-02-18T09:00:00+06:00,2025-02-18T03:00:00Z,0.7846,2,0.7846
2025-02-18T10:00:00+06:00,2025-02-18T04:00:00Z,0.735,2,0.735
2025-02-18T11:00:00+06:00,2025-02-18T05:00:00Z,2.2496,2,2.2496
2025-02-18T12:00:00+06:00,2025-02-18T06:00:00Z,3.607,2,3.607
2025-02-18T13:00:00+06:00,2025-02-18T07:00:00Z,3.676,2,3.676
2025-02-18T14:00:00+06:00,2025-02-18T08:00:00Z,3.2706,2,3.2706
2025-02-18T15:00:00+06:00,2025-02-18T09:00:00Z,2.823,2,2.823
2025-02-18T16:00:00+06:00,2025-02-18T10:00:00Z,2.3276,2,2.3276
2025-02-18T17:00:00+06:00,2025-02-18T11:00:00Z,2.1296,2,2.1296
2025-02-18T18:00:00+06:00,2025-02-18T12:00:00Z,2.528,2,2.528
2025-02-18T19:00:00+06:00,2025-02-18T13:00:00Z,1.757,2,1.757
2025-02-18T20:00:00+06:00,2025-02-18T14:00:00Z,1.2864,2,1.2864
2025-02-18T21:00:00+06:00,2025-02-18T15:00:00Z,1.327,2,1.327
2025-02-18T22:00:00+06:00,2025-02-18T16:00:00Z,1.571,2,1.571
2025-02-18T23:00:00+06:00,2025-02-18T17:00:00Z,1.6396,2,1.6396
2025-02-19T00:00:00+06:00,2025-02-18T18:00:00Z,2.104,2,2.104
2025-02-19T01:00:00+06:00,2025-02-18T19:00:00Z,1.571,2,1.571
2025-02-19T02:00:00+06:00,2025-02-18T20:00:00Z,1.2934,2,1.2934
2025-02-19T03:00:00+06:00,2025-02-18T21:00:00Z,1.327,2,1.327
2025-02-19T04:00:00+06:00,2025-02-18T22:00:00Z,1.3896,2,1.3896
2025-02-19T05:00:00+06:00,2025-02-18T23:00:00Z,1.3476,2,1.3476
2025-02-19T06:00:00+06:00,2025-02-19T00:00:00Z,1.4606,2,1.4606
2025-02-19T07:00:00+06:00,2025-02-19T01:00:00Z,1.781,2,1.781
2025-02-19T08:00:00+06:00,2025-02-19T02:00:00Z,1.994,2,1.994
2025-02-19T09:00:00+06:00,2025-02-19T03:00:00Z,1.7094,2,1.7094
2025-02-19T10:00:00+06:00,2025-02-19T04:00:00Z,0.5256,2,0.5256
2025-02-19T11:00:00+06:00,2025-02-19T05:00:00Z,0.7396,2,0.7396
2025-02-19T12:00:00+06:00,2025-02-19T06:00:00Z,0.7484,2,0.7484
2025-02-19T13:00:00+06:00,2025-02-19T07:00:00Z,0.68,2,0.68
2025-02-19T14:00:00+06:00,2025-02-19T08:00:00Z,0.584,2,0.584
2025-02-19T15:00:00+06:00,2025-02-19T09:00:00Z,0.5156,2,0.5156
2025-02-19T16:00:00+06:00,2025-02-19T10:00:00Z,0.5124,2,0.5124
2025-02-19T17:00:00+06:00,2025-02-19T11:00:00Z,0.478,2,0.478
2025-02-19T18:00:00+06:00,2025-02-19T12:00:00Z,0.408,2,0.408
2025-02-19T19:00:00+06:00,2025-02-19T13:00:00Z,0.2944,2,0.2944
2025-02-19T20:00:00+06:00,2025-02-19T14:00:00Z,0.1916,2,0.1916
2025-02-19T21:00:00+06:00,2025-02-19T15:00:00Z,0.09,2,0.09
2025-02-19T22:00:00+06:00,2025-02-19T16:00:00Z,0.1176,2,0.1176
2025-02-19T23:00:00+06:00,2025-02-19T17:00:00Z,0.125,2,0.125
2025-02-20T00:00:00+06:00,2025-02-19T18:00:00Z,0.1594,2,0.1594
2025-02-20T01:00:00+06:00,2025-02-19T19:00:00Z,0.102,2,0.102
2025-02-20T02:00:00+06:00,2025-02-19T20:00:00Z,0.0876,2,0.0876
2025-02-20T03:00:00+06:00,2025-02-19T21:00:00Z,0.079,2,0.079
2025-02-20T04:00:00+06:00,2025-02-19T22:00:00Z,0.069,2,0.069
2025-02-20T05:00:00+06:00,2025-02-19T23:00:00Z,0.0694,2,0.0694
2025-02-20T06:00:00+06:00,2025-02-20T00:00:00Z,0.0956,2,0.0956
2025-02-20T07:00:00+06:00,2025-02-20T01:00:00Z,0.1356,2,0.1356
2025-02-20T08:00:00+06:00,2025-02-20T02:00:00Z,0.287,2,0.287
2025-02-20T09:00:00+06:00,2025-02-20T03:00:00Z,0.4104,2,0.4104
2025-02-20T10:00:00+06:00,2025-02-20T04:00:00Z,0.3516,2,0.3516
2025-02-20T11:00:00+06:00,2025-02-20T05:00:00Z,0.2794,2,0.2794
2025-02-20T12:00:00+06:00,2025-02-20T06:00:00Z,0.194,2,0.194
2025-02-20T13:00:00+06:00,2025-02-20T07:00:00Z,0.1344,2,0.1344
2025-02-20T14:00:00+06:00,2025-02-20T08:00:00Z,0.0964,2,0.0964
2025-02-20T15:00:00+06:00,2025-02-20T09:00:00Z,0.1096,2,0.1096
2025-02-20T16:00:00+06:00,2025-02-20T10:00:00Z,0.129,2,0.129
2025-02-20T17:00:00+06:00,2025-02-20T11:00:00Z,0.2076,2,0.2076
2025-02-20T18:00:00+06:00,2025-02-20T12:00:00Z,0.408,2,0.408
2025-02-20T19:00:00+06:00,2025-02-20T13:00:00Z,0.3876,2,0.3876
2025-02-20T20:00:00+06:00,2025-02-20T14:00:00Z,0.1624,2,0.1624
2025-02-20T21:00:00+06:00,2025-02-20T15:00:00Z,0.08,2,0.08
2025-02-20T22:00:00+06:00,2025-02-20T16:00:00Z,0.0856,2,0.0856
2025-02-20T23:00:00+06:00,2025-02-20T17:00:00Z,0.095,2,0.095
2025-02-21T00:00:00+06:00,2025-02-20T18:00:00Z,0.2834,2,0.2834
2025-02-21T01:00:00+06:00,2025-02-20T19:00:00Z,0.1916,2,0.1916
2025-02-21T02:00:00+06:00,2025-02-20T20:00:00Z,0.123,2,0.123
2025-02-21T03:00:00+06:00,2025-02-20T21:00:00Z,0.062,2,0.062
2025-02-21T04:00:00+06:00,2025-02-20T22:00:00Z,0.0636,2,0.0636
2025-02-21T05:00:00+06:00,2025-02-20T23:00:00Z,0.059,2,0.059
2025-02-21T06:00:00+06:00,2025-02-21T00:00:00Z,0.0944,2,0.0944
2025-02-21T07:00:00+06:00,2025-02-21T01:00:00Z,0.1916,2,0.1916
2025-02-21T08:00:00+06:00,2025-02-21T02:00:00Z,0.6094,2,0.6094
2025-02-21T09:00:00+06:00,2025-02-21T03:00:00Z,1.26,2,1.26
2025-02-21T10:00:00+06:00,2025-02-21T04:00:00Z,1.121,2,1.121
2025-02-21T11:00:00+06:00,2025-02-21T05:00:00Z,1.7176,2,1.7176
2025-02-21T12:00:00+06:00,2025-02-21T06:00:00Z,2.8144,2,2.8144
2025-02-21T13:00:00+06:00,2025-02-21T07:00:00Z,3.4696,2,3.4696
2025-02-21T14:00:00+06:00,2025-02-21T08:00:00Z,3.55,2,3.55
2025-02-21T15:00:00+06:00,2025-02-21T09:00:00Z,3.4324,2,3.4324
2025-02-21T16:00:00+06:00,2025-02-21T10:00:00Z,2.8316,2,2.8316
2025-02-21T17:00:00+06:00,2025-02-21T11:00:00Z,2.4496,2,2.4496
2025-02-21T18:00:00+06:00,2025-02-21T12:00:00Z,1.936,2,1.936
2025-02-21T19:00:00+06:00,2025-02-21T13:00:00Z,1.267,2,1.267
2025-02-21T20:00:00+06:00,2025-02-21T14:00:00Z,1.097,2,1.097
2025-02-21T21:00:00+06:00,2025-02-21T15:00:00Z,1.0324,2,1.0324
2025-02-21T22:00:00+06:00,2025-02-21T16:00:00Z,1.234,2,1.234
2025-02-21T23:00:00+06:00,2025-02-21T17:00:00Z,1.7094,2,1.7094
2025-02-22T00:00:00+06:00,2025-02-21T18:00:00Z,1.9276,2,1.9276
2025-02-22T01:00:00+06:00,2025-02-21T19:00:00Z,2.011,2,2.011
2025-02-22T02:00:00+06:00,2025-02-21T20:00:00Z,2.036,2,2.036
2025-02-22T03:00:00+06:00,2025-02-21T21:00:00Z,2.2064,2,2.2064
2025-02-22T04:00:00+06:00,2025-02-21T22:00:00Z,2.5104,2,2.5104
2025-02-22T05:00:00+06:00,2025-02-21T23:00:00Z,2.9254,2,2.9254
2025-02-22T06:00:00+06:00,2025-02-22T00:00:00Z,3.3484,2,3.3484
2025-02-22T07:00:00+06:00,2025-02-22T01:00:00Z,3.736,2,3.736
2025-02-22T08:00:00+06:00,2025-02-22T02:00:00Z,3.7944,2,3.7944
2025-02-22T09:00:00+06:00,2025-02-22T03:00:00Z,3.888,2,3.888
2025-02-22T10:00:00+06:00,2025-02-22T04:00:00Z,3.3944,2,3.3944
2025-02-22T11:00:00+06:00,2025-02-22T05:00:00Z,3.736,2,3.736
2025-02-22T12:00:00+06:00,2025-02-22T06:00:00Z,4.271,2,4.271
2025-02-22T13:00:00+06:00,2025-02-22T07:00:00Z,4.407,2,4.407
2025-02-22T14:00:00+06:00,2025-02-22T08:00:00Z,4.284,2,4.284
2025-02-22T15:00:00+06:00,2025-02-22T09:00:00Z,4.085,2,4.085
2025-02-22T16:00:00+06:00,2025-02-22T10:00:00Z,3.5356,2,3.5356
2025-02-22T17:00:00+06:00,2025-02-22T11:00:00Z,3.1254,2,3.1254
2025-02-22T18:00:00+06:00,2025-02-22T12:00:00Z,2.241,2,2.241
2025-02-22T19:00:00+06:00,2025-02-22T13:00:00Z,1.3756,2,1.3756
2025-02-22T20:00:00+06:00,2025-02-22T14:00:00Z,0.8464,2,0.8464
2025-02-22T21:00:00+06:00,2025-02-22T15:00:00Z,0.8916,2,0.8916
2025-02-22T22:00:00+06:00,2025-02-22T16:00:00Z,1.307,2,1.307
2025-02-22T23:00:00+06:00,2025-02-22T17:00:00Z,1.5264,2,1.5264
2025-02-23T00:00:00+06:00,2025-02-22T18:00:00Z,1.944,2,1.944
2025-02-23T01:00:00+06:00,2025-02-22T19:00:00Z,2.0444,2,2.0444
2025-02-23T02:00:00+06:00,2025-02-22T20:00:00Z,2.215,2,2.215
2025-02-23T03:00:00+06:00,2025-02-22T21:00:00Z,2.467,2,2.467
2025-02-23T04:00:00+06:00,2025-02-22T22:00:00Z,2.6934,2,2.6934
2025-02-23T05:00:00+06:00,2025-02-22T23:00:00Z,3.1336,2,3.1336
2025-02-23T06:00:00+06:00,2025-02-23T00:00:00Z,3.477,2,3.477
2025-02-23T07:00:00+06:00,2025-02-23T01:00:00Z,3.801,2,3.801
2025-02-23T08:00:00+06:00,2025-02-23T02:00:00Z,3.9176,2,3.9176
2025-02-23T09:00:00+06:00,2025-02-23T03:00:00Z,3.8636,2,3.8636
2025-02-23T10:00:00+06:00,2025-02-23T04:00:00Z,3.769,2,3.769
2025-02-23T11:00:00+06:00,2025-02-23T05:00:00Z,3.6824,2,3.6824
2025-02-23T12:00:00+06:00,2025-02-23T06:00:00Z,4.267,2,4.267
2025-02-23T13:00:00+06:00,2025-02-23T07:00:00Z,4.5296,2,4.5296
2025-02-23T14:00:00+06:00,2025-02-23T08:00:00Z,4.561,2,4.561
2025-02-23T15:00:00+06:00,2025-02-23T09:00:00Z,4.486,2,4.486
2025-02-23T16:00:00+06:00,2025-02-23T10:00:00Z,4.213,2,4.213
2025-02-23T17:00:00+06:00,2025-02-23T11:00:00Z,4.322,2,4.322
2025-02-23T18:00:00+06:00,2025-02-23T12:00:00Z,4.3096,2,4.3096
2025-02-23T19:00:00+06:00,2025-02-23T13:00:00Z,3.987,2,3.987
2025-02-23T20:00:00+06:00,2025-02-23T14:00:00Z,3.7424,2,3.7424
2025-02-23T21:00:00+06:00,2025-02-23T15:00:00Z,3.696,2,3.696
2025-02-23T22:00:00+06:00,2025-02-23T16:00:00Z,4.015,2,4.015
2025-02-23T23:00:00+06:00,2025-02-23T17:00:00Z,4.346,2,4.346
2025-02-24T00:00:00+06:00,2025-02-23T18:00:00Z,4.4796,2,4.4796
2025-02-24T01:00:00+06:00,2025-02-23T19:00:00Z,4.544,2,4.544
2025-02-24T02:00:00+06:00,2025-02-23T20:00:00Z,4.588,2,4.588
2025-02-24T03:00:00+06:00,2025-02-23T21:00:00Z,4.621,2,4.621
2025-02-24T04:00:00+06:00,2025-02-23T22:00:00Z,4.654,2,4.654
2025-02-24T05:00:00+06:00,2025-02-23T23:00:00Z,4.71,2,4.71
2025-02-24T06:00:00+06:00,2025-02-24T00:00:00Z,4.58,2,4.58
2025-02-24T07:00:00+06:00,2025-02-24T01:00:00Z,4.3656,2,4.3656
2025-02-24T08:00:00+06:00,2025-02-24T02:00:00Z,4.1656,2,4.1656
2025-02-24T09:00:00+06:00,2025-02-24T03:00:00Z,3.7096,2,3.7096
2025-02-24T10:00:00+06:00,2025-02-24T04:00:00Z,3.8076,2,3.8076
2025-02-24T11:00:00+06:00,2025-02-24T05:00:00Z,2.9254,2,2.9254
2025-02-24T12:00:00+06:00,2025-02-24T06:00:00Z,3.2544,2,3.2544
2025-02-24T13:00:00+06:00,2025-02-24T07:00:00Z,3.8696,2,3.8696
2025-02-24T14:00:00+06:00,2025-02-24T08:00:00Z,3.9584,2,3.9584
2025-02-24T15:00:00+06:00,2025-02-24T09:00:00Z,3.9,2,3.9
2025-02-24T16:00:00+06:00,2025-02-24T10:00:00Z,3.3484,2,3.3484
2025-02-24T17:00:00+06:00,2025-02-24T11:00:00Z,3.0344,2,3.0344
2025-02-24T18:00:00+06:00,2025-02-24T12:00:00Z,2.5104,2,2.5104
2025-02-24T19:00:00+06:00,2025-02-24T13:00:00Z,2.598,2,2.598
2025-02-24T20:00:00+06:00,2025-02-24T14:00:00Z,3.477,2,3.477
2025-02-24T21:00:00+06:00,2025-02-24T15:00:00Z,4.338,2,4.338
2025-02-24T22:00:00+06:00,2025-02-24T16:00:00Z,4.6404,2,4.6404
2025-02-24T23:00:00+06:00,2025-02-24T17:00:00Z,4.725,2,4.725
2025-02-25T00:00:00+06:00,2025-02-24T18:00:00Z,4.3176,2,4.3176
2025-02-25T01:00:00+06:00,2025-02-24T19:00:00Z,4.0794,2,4.0794
2025-02-25T02:00:00+06:00,2025-02-24T20:00:00Z,3.845,2,3.845
2025-02-25T03:00:00+06:00,2025-02-24T21:00:00Z,2.4844,2,2.4844
2025-02-25T04:00:00+06:00,2025-02-24T22:00:00Z,1.6704,2,1.6704
2025-02-25T05:00:00+06:00,2025-02-24T23:00:00Z,0.735,2,0.735
2025-02-25T06:00:00+06:00,2025-02-25T00:00:00Z,0.1884,2,0.1884
2025-02-25T07:00:00+06:00,2025-02-25T01:00:00Z,0.13,2,0.13
2025-02-25T08:00:00+06:00,2025-02-25T02:00:00Z,0.2076,2,0.2076
2025-02-25T09:00:00+06:00,2025-02-25T03:00:00Z,0.2004,2,0.2004
2025-02-25T10:00:00+06:00,2025-02-25T04:00:00Z,0.0976,2,0.0976
2025-02-25T11:00:00+06:00,2025-02-25T05:00:00Z,0.1816,2,0.1816
2025-02-25T12:00:00+06:00,2025-02-25T06:00:00Z,0.4484,2,0.4484
2025-02-25T13:00:00+06:00,2025-02-25T07:00:00Z,2.0444,2,2.0444
2025-02-25T14:00:00+06:00,2025-02-25T08:00:00Z,4.1156,2,4.1156
2025-02-25T15:00:00+06:00,2025-02-25T09:00:00Z,4.453,2,4.453
2025-02-25T16:00:00+06:00,2025-02-25T10:00:00Z,4.4424,2,4.4424
2025-02-25T17:00:00+06:00,2025-02-25T11:00:00Z,4.284,2,4.284
2025-02-25T18:00:00+06:00,2025-02-25T12:00:00Z,3.947,2,3.947
2025-02-25T19:00:00+06:00,2025-02-25T13:00:00Z,3.364,2,3.364
2025-02-25T20:00:00+06:00,2025-02-25T14:00:00Z,0.8716,2,0.8716
2025-02-25T21:00:00+06:00,2025-02-25T15:00:00Z,0.173,2,0.173
2025-02-25T22:00:00+06:00,2025-02-25T16:00:00Z,0.153,2,0.153
2025-02-25T23:00:00+06:00,2025-02-25T17:00:00Z,0.1204,2,0.1204
2025-02-26T00:00:00+06:00,2025-02-25T18:00:00Z,1.4036,2,1.4036
2025-02-26T01:00:00+06:00,2025-02-25T19:00:00Z,0.8564,2,0.8564
2025-02-26T02:00:00+06:00,2025-02-25T20:00:00Z,0.8616,2,0.8616
2025-02-26T03:00:00+06:00,2025-02-25T21:00:00Z,1.307,2,1.307
2025-02-26T04:00:00+06:00,2025-02-25T22:00:00Z,1.482,2,1.482
2025-02-26T05:00:00+06:00,2025-02-25T23:00:00Z,1.221,2,1.221
2025-02-26T06:00:00+06:00,2025-02-26T00:00:00Z,1.085,2,1.085
2025-02-26T07:00:00+06:00,2025-02-26T01:00:00Z,2.9594,2,2.9594
2025-02-26T08:00:00+06:00,2025-02-26T02:00:00Z,4.09,2,4.09
2025-02-26T09:00:00+06:00,2025-02-26T03:00:00Z,4.8516,2,4.8516
2025-02-26T10:00:00+06:00,2025-02-26T04:00:00Z,4.8556,2,4.8556
2025-02-26T11:00:00+06:00,2025-02-26T05:00:00Z,4.817,2,4.817
2025-02-26T12:00:00+06:00,2025-02-26T06:00:00Z,4.751,2,4.751
2025-02-26T13:00:00+06:00,2025-02-26T07:00:00Z,4.7716,2,4.7716
2025-02-26T14:00:00+06:00,2025-02-26T08:00:00Z,4.9254,2,4.9254
2025-02-26T15:00:00+06:00,2025-02-26T09:00:00Z,4.95,2,4.95
2025-02-26T16:00:00+06:00,2025-02-26T10:00:00Z,4.95,2,4.95
2025-02-26T17:00:00+06:00,2025-02-26T11:00:00Z,4.95,2,4.95
2025-02-26T18:00:00+06:00,2025-02-26T12:00:00Z,4.95,2,4.95
2025-02-26T19:00:00+06:00,2025-02-26T13:00:00Z,4.95,2,4.95
2025-02-26T20:00:00+06:00,2025-02-26T14:00:00Z,4.95,2,4.95
2025-02-26T21:00:00+06:00,2025-02-26T15:00:00Z,4.8886,2,4.8886
2025-02-26T22:00:00+06:00,2025-02-26T16:00:00Z,4.8104,2,4.8104
2025-02-26T23:00:00+06:00,2025-02-26T17:00:00Z,4.77,2,4.77
2025-02-27T00:00:00+06:00,2025-02-26T18:00:00Z,3.8576,2,3.8576
2025-02-27T01:00:00+06:00,2025-02-26T19:00:00Z,2.823,2,2.823
2025-02-27T02:00:00+06:00,2025-02-26T20:00:00Z,1.609,2,1.609
2025-02-27T03:00:00+06:00,2025-02-26T21:00:00Z,0.705,2,0.705
2025-02-27T04:00:00+06:00,2025-02-26T22:00:00Z,0.2436,2,0.2436
2025-02-27T05:00:00+06:00,2025-02-26T23:00:00Z,0.129,2,0.129
2025-02-27T06:00:00+06:00,2025-02-27T00:00:00Z,0.0936,2,0.0936
2025-02-27T07:00:00+06:00,2025-02-27T01:00:00Z,0.2384,2,0.2384
2025-02-27T08:00:00+06:00,2025-02-27T02:00:00Z,0.5624,2,0.5624
2025-02-27T09:00:00+06:00,2025-02-27T03:00:00Z,0.532,2,0.532
2025-02-27T10:00:00+06:00,2025-02-27T04:00:00Z,0.827,2,0.827
2025-02-27T11:00:00+06:00,2025-02-27T05:00:00Z,1.8864,2,1.8864
2025-02-27T12:00:00+06:00,2025-02-27T06:00:00Z,2.104,2,2.104
2025-02-27T13:00:00+06:00,2025-02-27T07:00:00Z,2.0956,2,2.0956
2025-02-27T14:00:00+06:00,2025-02-27T08:00:00Z,1.5634,2,1.5634
2025-02-27T15:00:00+06:00,2025-02-27T09:00:00Z,0.982,2,0.982
2025-02-27T16:00:00+06:00,2025-02-27T10:00:00Z,0.559,2,0.559
2025-02-27T17:00:00+06:00,2025-02-27T11:00:00Z,0.3404,2,0.3404
2025-02-27T18:00:00+06:00,2025-02-27T12:00:00Z,0.2964,2,0.2964
2025-02-27T19:00:00+06:00,2025-02-27T13:00:00Z,0.129,2,0.129
2025-02-27T20:00:00+06:00,2025-02-27T14:00:00Z,1.446,2,1.446
2025-02-27T21:00:00+06:00,2025-02-27T15:00:00Z,1.5484,2,1.5484
2025-02-27T22:00:00+06:00,2025-02-27T16:00:00Z,1.6624,2,1.6624
2025-02-27T23:00:00+06:00,2025-02-27T17:00:00Z,1.097,2,1.097
2025-02-28T00:00:00+06:00,2025-02-27T18:00:00Z,0.7396,2,0.7396
2025-02-28T01:00:00+06:00,2025-02-27T19:00:00Z,0.8564,2,0.8564
2025-02-28T02:00:00+06:00,2025-02-27T20:00:00Z,0.5624,2,0.5624
2025-02-28T03:00:00+06:00,2025-02-27T21:00:00Z,0.4544,2,0.4544
2025-02-28T04:00:00+06:00,2025-02-27T22:00:00Z,0.744,2,0.744
2025-02-28T05:00:00+06:00,2025-02-27T23:00:00Z,0.8516,2,0.8516
2025-02-28T06:00:00+06:00,2025-02-28T00:00:00Z,0.2926,2,0.2926
2025-02-28T07:00:00+06:00,2025-02-28T01:00:00Z,0.684,2,0.684
2025-02-28T08:00:00+06:00,2025-02-28T02:00:00Z,0.542,2,0.542
2025-02-28T09:00:00+06:00,2025-02-28T03:00:00Z,0.5456,2,0.5456
2025-02-28T10:00:00+06:00,2025-02-28T04:00:00Z,0.5284,2,0.5284
2025-02-28T11:00:00+06:00,2025-02-28T05:00:00Z,0.7096,2,0.7096
2025-02-28T12:00:00+06:00,2025-02-28T06:00:00Z,0.8036,2,0.8036
2025-02-28T13:00:00+06:00,2025-02-28T07:00:00Z,0.6926,2,0.6926
2025-02-28T14:00:00+06:00,2025-02-28T08:00:00Z,1.158,2,1.158
2025-02-28T15:00:00+06:00,2025-02-28T09:00:00Z,1.189,2,1.189
2025-02-28T16:00:00+06:00,2025-02-28T10:00:00Z,0.8516,2,0.8516
2025-02-28T17:00:00+06:00,2025-02-28T11:00:00Z,0.7096,2,0.7096
2025-02-28T18:00:00+06:00,2025-02-28T12:00:00Z,0.7664,2,0.7664
2025-02-28T19:00:00+06:00,2025-02-28T13:00:00Z,0.8864,2,0.8864
2025-02-28T20:00:00+06:00,2025-02-28T14:00:00Z,1.115,2,1.115
2025-02-28T21:00:00+06:00,2025-02-28T15:00:00Z,1.267,2,1.267
2025-02-28T22:00:00+06:00,2025-02-28T16:00:00Z,0.753,2,0.753
2025-02-28T23:00:00+06:00,2025-02-28T17:00:00Z,0.475,2,0.475
2025-03-01T00:00:00+06:00,2025-02-28T18:00:00Z,1.183,2,1.183
2025-03-01T01:00:00+06:00,2025-02-28T19:00:00Z,1.247,2,1.247
2025-03-01T02:00:00+06:00,2025-02-28T20:00:00Z,0.722,2,0.722
2025-03-01T03:00:00+06:00,2025-02-28T21:00:00Z,0.519,2,0.519
2025-03-01T04:00:00+06:00,2025-02-28T22:00:00Z,0.3656,2,0.3656
2025-03-01T05:00:00+06:00,2025-02-28T23:00:00Z,0.327,2,0.327
2025-03-01T06:00:00+06:00,2025-03-01T00:00:00Z,0.3404,2,0.3404
2025-03-01T07:00:00+06:00,2025-03-01T01:00:00Z,0.3824,2,0.3824
2025-03-01T08:00:00+06:00,2025-03-01T02:00:00Z,0.4156,2,0.4156
2025-03-01T09:00:00+06:00,2025-03-01T03:00:00Z,0.3004,2,0.3004
2025-03-01T10:00:00+06:00,2025-03-01T04:00:00Z,0.26,2,0.26
2025-03-01T11:00:00+06:00,2025-03-01T05:00:00Z,0.267,2,0.267
2025-03-01T12:00:00+06:00,2025-03-01T06:00:00Z,0.2116,2,0.2116
2025-03-01T13:00:00+06:00,2025-03-01T07:00:00Z,0.2356,2,0.2356
2025-03-01T14:00:00+06:00,2025-03-01T08:00:00Z,0.1604,2,0.1604
2025-03-01T15:00:00+06:00,2025-03-01T09:00:00Z,0.13,2,0.13
2025-03-01T16:00:00+06:00,2025-03-01T10:00:00Z,0.1594,2,0.1594
2025-03-01T17:00:00+06:00,2025-03-01T11:00:00Z,0.179,2,0.179
2025-03-01T18:00:00+06:00,2025-03-01T12:00:00Z,0.1576,2,0.1576
2025-03-01T19:00:00+06:00,2025-03-01T13:00:00Z,0.107,2,0.107
2025-03-01T20:00:00+06:00,2025-03-01T14:00:00Z,0.3084,2,0.3084
2025-03-01T21:00:00+06:00,2025-03-01T15:00:00Z,0.944,2,0.944
2025-03-01T22:00:00+06:00,2025-03-01T16:00:00Z,2.432,2,2.432
2025-03-01T23:00:00+06:00,2025-03-01T17:00:00Z,2.432,2,2.432
